split,id_review,id_sentence,gold1,gold2,gold3
Train,0,1,演奏者,,
Train,0,2,演奏：キャラクター・音色,,
Train,0,3,演奏：キャラクター・音色,,
Train,0,4,演奏：スタイル・理解,演奏：キャラクター・音色,
Train,0,5,演奏：エネルギー,演奏：キャラクター・音色,
Train,0,6,演奏：コミュニケーション,評価：その他,
Train,0,7,その他,,
Train,1,1,演奏者,,
Train,1,2,評価：その他,,
Train,1,3,演奏：キャラクター・音色,演奏：技術,演奏：スタイル・理解
Train,1,4,その他,,
Train,1,5,演奏：スタイル・理解,,
Train,1,6,演奏：スタイル・理解,,
Train,1,7,演奏：スタイル・理解,演奏：キャラクター・音色,
Train,1,8,評価：その他,,
Train,2,1,楽器,演奏者,録音の背景
Train,2,2,楽器,演奏者,演奏：キャラクター・音色
Train,2,3,評価：その他,,
Train,2,4,演奏：キャラクター・音色,,
Train,2,5,楽曲,演奏：キャラクター・音色,
Train,2,6,評価：感じられ方,,
Train,3,1,演奏者,楽曲,
Train,3,2,楽曲,演奏：キャラクター・音色,評価：その他
Train,3,3,評価：感じられ方,,
Train,3,4,演奏：スタイル・理解,,
Train,3,5,演奏：スタイル・理解,演奏：感情,評価：その他
#N/A,4,1,楽曲,演奏者,
#N/A,4,2,評価：感じられ方,,
#N/A,4,3,演奏：アーティキュレーション,演奏：構造,演奏：キャラクター・音色
#N/A,4,4,演奏：技術,評価：感じられ方,
#N/A,4,5,評価：感じられ方,,
Train,5,1,演奏者,楽曲,
Train,5,2,楽曲,演奏：キャラクター・音色,
Train,5,3,演奏：技術,演奏：感情,演奏：スタイル・理解
Train,5,4,楽曲,,
Train,6,1,録音の背景,,
Train,6,2,演奏者,,
Train,6,3,演奏：キャラクター・音色,,
Train,6,4,演奏者,,
Train,6,5,演奏：スタイル・理解,演奏：構造,演奏：時間的特徴
Train,6,6,評価：感じられ方,,
Dev,7,1,演奏：スタイル・理解,,
Dev,7,2,楽曲,演奏：スタイル・理解,
Dev,7,3,楽曲,演奏：キャラクター・音色,
Dev,7,4,演奏：キャラクター・音色,評価：感じられ方,
Dev,8,1,演奏者,,
Dev,8,2,楽曲,演奏：キャラクター・音色,演奏：コミュニケーション
Dev,8,3,演奏：コミュニケーション,,
Dev,8,4,演奏：コミュニケーション,演奏：構造,
#N/A,9,1,録音の背景,,
#N/A,9,2,楽曲,,
#N/A,9,3,評価：その他,演奏：エネルギー,評価：感じられ方
#N/A,9,4,演奏：構造,,
#N/A,9,5,評価：その他,評価：感じられ方,
#N/A,9,6,演奏：キャラクター・音色,評価：その他,
#N/A,9,7,演奏：エネルギー,評価：その他,
#N/A,9,8,演奏：キャラクター・音色,評価：その他,
Train,10,1,演奏者,,
Train,10,2,楽曲,,
Train,10,3,演奏：構造,演奏：技術,
Train,10,4,楽曲,録音の背景,演奏：エネルギー
Train,10,5,演奏：キャラクター・音色,評価：感じられ方,
Train,10,6,評価：その他,,
Train,11,1,その他,,
Train,11,2,演奏者,楽曲,
Train,11,3,評価：その他,,
Train,11,4,演奏：時間的特徴,楽曲,評価：感じられ方
Train,11,5,演奏：コミュニケーション,,
Train,11,6,評価：感じられ方,,
Train,11,7,演奏者,評価：その他,
Train,12,1,録音の背景,,
Train,12,2,楽曲,,
Train,12,3,演奏：スタイル・理解,評価：その他,
Train,12,4,演奏：リズム,演奏：スタイル・理解,評価：その他
Train,12,5,演奏：構造,評価：感じられ方,
Train,12,6,評価：その他,,
Train,12,7,録音の背景,,
Train,12,8,その他,,
Train,13,1,演奏：感情,,
Train,13,2,演奏者,,
Train,13,3,録音の背景,,
Train,13,4,演奏：エネルギー,,
Train,13,5,楽曲,演奏：感情,
Train,13,6,演奏者,評価：その他,
Train,13,7,演奏：キャラクター・音色,演奏：コミュニケーション,評価：その他
Dev,14,1,演奏者,,
Dev,14,2,録音の背景,楽曲,
Dev,14,3,楽曲,録音の背景,
Dev,14,4,演奏：スタイル・理解,演奏：キャラクター・音色,
Dev,14,5,演奏：構造,評価：その他,
Dev,14,6,演奏：キャラクター・音色,,
Dev,14,7,演奏：スタイル・理解,演奏：構造,評価：その他
Test,15,1,その他,,
Test,15,2,録音の背景,,
Test,15,3,その他,評価：その他,
Test,15,4,演奏：スタイル・理解,楽曲,評価：その他
Test,15,5,演奏：エネルギー,,
Test,15,6,評価：その他,,
Train,16,1,録音の背景,,
Train,16,2,録音の背景,演奏：スタイル・理解,
Train,16,3,演奏：スタイル・理解,演奏：エネルギー,
Train,16,4,演奏：エネルギー,,
Train,16,5,演奏：スタイル・理解,評価：感じられ方,評価：その他
Train,16,6,楽曲,演奏：キャラクター・音色,評価：感じられ方
Train,16,7,評価：その他,,
Test,17,1,録音の背景,,
Test,17,2,楽曲,評価：その他,
Test,17,3,演奏：キャラクター・音色,演奏：技術,演奏：エネルギー
Test,17,4,楽器,,
Test,17,5,楽曲,,
Train,18,1,演奏者,楽曲,
Train,18,2,楽曲,,
Train,18,3,楽曲,,
Train,18,4,録音の背景,,
Train,18,5,演奏：スタイル・理解,,
Train,18,6,演奏者,評価：その他,
Train,18,7,演奏：コミュニケーション,,
Dev,19,1,楽曲,,
Dev,19,2,録音の背景,楽曲,
Dev,19,3,楽曲,,
Dev,19,4,演奏：技術,評価：その他,
Train,20,1,演奏：構造,演奏：コミュニケーション,演奏：エネルギー
Train,20,2,演奏：技術,評価：対比,
Train,20,3,評価：対比,楽曲,演奏：技術
Train,20,4,録音の背景,演奏者,演奏：エネルギー
Train,21,1,楽曲,楽器,
Train,21,2,演奏：キャラクター・音色,演奏：アーティキュレーション,楽器
Train,21,3,演奏：技術,楽曲,
Train,21,4,楽曲,評価：その他,
Train,21,5,楽曲,評価：感じられ方,
Dev,22,1,演奏者,録音の背景,
Dev,22,2,録音の背景,楽曲,
Dev,22,3,楽器,,
Dev,22,4,演奏：キャラクター・音色,評価：感じられ方,
Dev,22,5,演奏：キャラクター・音色,演奏：感情,
Train,23,1,演奏者,録音の背景,
Train,23,2,楽曲,楽器,
Train,23,3,楽曲,,
Train,23,4,演奏：スタイル・理解,,
Train,23,5,演奏：スタイル・理解,,
Train,23,6,録音の背景,,
Dev,24,1,評価：感じられ方,,
Dev,24,2,楽曲,,
Dev,24,3,楽曲,,
Dev,24,4,その他,,
Dev,24,5,楽曲,,
Train,25,1,演奏者,録音の背景,
Train,25,2,演奏者,演奏：時間的特徴,演奏：キャラクター・音色
Train,25,3,演奏：スタイル・理解,演奏：コミュニケーション,評価：感じられ方
Train,25,4,楽曲,演奏：キャラクター・音色,評価：感じられ方
Train,25,5,楽曲,演奏者,評価：感じられ方
Train,25,6,楽曲,演奏：感情,評価：感じられ方
Train,26,1,演奏者,,
Train,26,2,楽器,,
Train,26,3,演奏者,,
Train,26,4,楽曲,,
Train,26,5,楽曲,,
Train,26,6,演奏者,,
Train,26,7,評価：その他,,
Test,27,1,演奏者,録音の背景,
Test,27,2,録音の背景,評価：感じられ方,
Test,27,3,演奏：リズム,演奏：キャラクター・音色,評価：感じられ方
Test,27,4,演奏：技術,演奏：コミュニケーション,
Test,27,5,演奏：スタイル・理解,演奏者,
Test,27,6,楽曲,評価：感じられ方,
Test,27,7,楽曲,評価：感じられ方,
Test,28,1,評価：その他,,
Test,28,2,演奏：キャラクター・音色,演奏：構造,演奏：時間的特徴
Test,28,3,演奏：キャラクター・音色,評価：その他,
Test,28,4,評価：その他,演奏：時間的特徴,演奏：感情
Test,28,5,楽曲,評価：その他,
Train,29,1,演奏：スタイル・理解,,
Train,29,2,演奏：スタイル・理解,,
Train,29,3,演奏者,録音の背景,
Train,29,4,演奏者,,
Train,29,5,楽曲,,
Train,29,6,演奏者,演奏：技術,演奏：コミュニケーション
Train,30,1,演奏者,録音の背景,
Train,30,2,楽曲,演奏：キャラクター・音色,
Train,30,3,演奏：キャラクター・音色,演奏：スタイル・理解,評価：感じられ方
Train,30,4,演奏：時間的特徴,評価：真正性,
Train,30,5,評価：対比,評価：感じられ方,
Train,30,6,演奏：キャラクター・音色,演奏：構造,評価：感じられ方
Train,31,1,演奏者,評価：感じられ方,
Train,31,2,演奏：エネルギー,,
Train,31,3,演奏：時間的特徴,,
Train,31,4,演奏：構造,演奏：アーティキュレーション,
Train,31,5,演奏者,評価：その他,
Train,32,1,演奏者,録音の背景,楽曲
Train,32,2,演奏：構造,演奏：スタイル・理解,
Train,32,3,楽曲,,
Train,32,4,演奏：スタイル・理解,楽曲,演奏：キャラクター・音色
Train,32,5,その他,,
Train,33,1,録音の背景,,
Train,33,2,演奏：時間的特徴,演奏：スタイル・理解,
Train,33,3,演奏：キャラクター・音色,演奏：エネルギー,
Train,33,4,演奏：技術,演奏：キャラクター・音色,評価：感じられ方
Train,33,5,演奏：コミュニケーション,,
Train,33,6,演奏：感情,演奏：コミュニケーション,評価：その他
Train,33,7,評価：その他,,
Train,34,1,演奏者,録音の背景,
Train,34,2,楽曲,,
Train,34,3,楽曲,,
Train,34,4,楽曲,,
Train,34,5,楽曲,,
Train,34,6,評価：その他,,
Train,35,1,楽器,,
Train,35,2,録音の背景,演奏：スタイル・理解,
Train,35,3,楽曲,評価：感じられ方,
Train,35,4,その他,,
Train,35,5,その他,,
Train,35,6,その他,,
Train,36,1,演奏者,,
Train,36,2,演奏者,録音の背景,
Train,36,3,演奏：キャラクター・音色,,
Train,36,4,演奏：キャラクター・音色,演奏：技術,
Train,36,5,録音の背景,評価：感じられ方,
Train,37,1,演奏者,楽曲,
Train,37,2,演奏：スタイル・理解,演奏：感情,
Train,37,3,演奏：エネルギー,演奏：構造,
Train,37,4,評価：感じられ方,,
Train,37,5,演奏：スタイル・理解,録音の背景,
Train,37,6,演奏：スタイル・理解,,
Train,37,7,評価：感じられ方,,
Test,38,1,評価：感じられ方,楽曲,楽器
Test,38,2,楽曲,演奏：構造,評価：その他
Test,38,3,演奏：スタイル・理解,楽曲,
Test,38,4,評価：感じられ方,,
Train,39,1,演奏者,,
Train,39,2,楽曲,,
Train,39,3,楽曲,,
Train,39,4,楽曲,演奏：スタイル・理解,演奏：時間的特徴
Train,39,5,その他,,
Train,40,1,演奏：エネルギー,,
Train,40,2,評価：感じられ方,,
Train,40,3,演奏者,,
Train,40,4,演奏者,,
Train,40,5,録音の背景,,
Train,40,6,演奏：キャラクター・音色,演奏：スタイル・理解,
Train,40,7,演奏：キャラクター・音色,評価：対比,
Train,40,8,評価：その他,,
Dev,41,1,楽器,演奏：エネルギー,演奏：キャラクター・音色
Dev,41,2,評価：その他,録音の背景,
Dev,41,3,演奏者,,
Dev,41,4,楽曲,,
Dev,41,5,楽曲,評価：その他,
Train,42,1,演奏者,,
Train,42,2,演奏者,,
Train,42,3,楽曲,,
Train,42,4,演奏：キャラクター・音色,演奏：感情,
Train,42,5,録音の背景,,
Train,42,6,その他,,
Train,43,1,演奏者,,
Train,43,2,演奏者,楽曲,演奏：スタイル・理解
Train,43,3,演奏：キャラクター・音色,評価：感じられ方,
Train,43,4,演奏：感情,評価：感じられ方,
Train,43,5,楽曲,演奏：感情,評価：感じられ方
Train,44,1,演奏者,,
Train,44,2,演奏：スタイル・理解,演奏：エネルギー,
Train,44,3,演奏：構造,演奏：時間的特徴,演奏：エネルギー
Train,44,4,演奏：キャラクター・音色,演奏：音量的特徴,演奏：コミュニケーション
Train,44,5,楽曲,演奏：キャラクター・音色,評価：その他
Train,44,6,評価：感じられ方,,
Train,45,1,録音の背景,,
Train,45,2,楽曲,,
Train,45,3,演奏：感情,評価：その他,
Train,45,4,演奏：構造,演奏：スタイル・理解,
Train,45,5,演奏：技術,評価：その他,
Train,45,6,その他,,
Train,46,1,その他,,
Train,46,2,演奏者,,
Train,46,3,楽曲,,
Train,46,4,楽曲,,
Train,46,5,楽曲,,
Dev,47,1,演奏者,演奏：スタイル・理解,
Dev,47,2,楽曲,,
Dev,47,3,演奏：技術,演奏：感情,
Dev,47,4,演奏：スタイル・理解,評価：感じられ方,
Dev,47,5,演奏：キャラクター・音色,評価：その他,
Train,48,1,楽曲,,
Train,48,2,楽曲,,
Train,48,3,楽曲,,
Train,48,4,演奏：技術,,
Train,48,5,演奏者,演奏：スタイル・理解,
Train,48,6,演奏：スタイル・理解,評価：感じられ方,
Train,49,1,演奏者,,
Train,49,2,演奏者,演奏：スタイル・理解,評価：その他
Train,49,3,演奏：技術,演奏：構造,
Train,49,4,演奏：時間的特徴,演奏：構造,
Train,49,5,演奏：スタイル・理解,,
Train,50,1,演奏者,,
Train,50,2,演奏者,録音の背景,
Train,50,3,演奏：キャラクター・音色,,
Train,50,4,演奏：スタイル・理解,,
Train,50,5,演奏：技術,演奏：スタイル・理解,
Train,50,6,演奏：キャラクター・音色,評価：感じられ方,
Train,51,1,演奏者,,
Train,51,2,録音の背景,,
Train,51,3,楽曲,評価：感じられ方,
Train,51,4,演奏：エネルギー,,
Train,51,5,演奏：感情,,
Train,51,6,演奏：アーティキュレーション,演奏：コミュニケーション,
Train,51,7,演奏：コミュニケーション,演奏：エネルギー,評価：感じられ方
Train,51,8,演奏者,,
Train,51,9,評価：対比,,
Train,52,1,演奏者,録音の背景,
Train,52,2,評価：その他,,
Train,52,3,演奏：キャラクター・音色,演奏：構造,
Train,52,4,評価：その他,,
Train,52,5,楽器,評価：その他,
Train,52,6,楽器,演奏：キャラクター・音色,
Train,52,7,演奏：構造,,
Train,52,8,楽曲,,
Train,52,9,評価：その他,,
Train,53,1,演奏者,,
Train,53,2,演奏者,,
Train,53,3,楽曲,,
Train,53,4,楽器,,
Train,53,5,楽器,楽曲,演奏：スタイル・理解
Train,53,6,楽曲,,
Test,54,1,録音の背景,,
Test,54,2,楽曲,,
Test,54,3,楽曲,,
Test,54,4,楽曲,演奏：スタイル・理解,評価：その他
Train,55,1,その他,,
Train,55,2,楽器,,
Train,55,3,楽器,,
Train,55,4,演奏者,録音の背景,
Train,55,5,録音の背景,演奏：キャラクター・音色,
Train,55,6,楽器,評価：その他,
Dev,56,1,評価：感じられ方,,
Dev,56,2,演奏者,,
Dev,56,3,楽曲,,
Dev,56,4,演奏：技術,楽曲,評価：感じられ方
Test,57,1,録音の背景,,
Test,57,2,録音の背景,評価：その他,
Test,57,3,演奏者,評価：その他,
Test,57,4,演奏：キャラクター・音色,評価：感じられ方,
Test,57,5,楽曲,演奏：感情,評価：真正性
Test,57,6,演奏：音量的特徴,演奏：エネルギー,評価：真正性
Train,58,1,演奏：エネルギー,評価：感じられ方,
Train,58,2,演奏者,,
Train,58,3,演奏者,録音の背景,
Train,58,4,楽曲,,
Train,58,5,演奏：スタイル・理解,評価：真正性,
Train,58,6,演奏：技術,,
Train,59,1,演奏者,録音の背景,
Train,59,2,楽曲,,
Train,59,3,演奏者,,
Train,59,4,演奏：スタイル・理解,,
Train,59,5,演奏：キャラクター・音色,演奏：構造,評価：その他
Train,59,6,演奏：エネルギー,評価：感じられ方,
Train,60,1,演奏者,,
Train,60,2,楽曲,,
Train,60,3,演奏者,演奏：エネルギー,
Train,60,4,楽曲,演奏：感情,演奏：スタイル・理解
Train,60,5,演奏：スタイル・理解,評価：真正性,評価：感じられ方
Train,61,1,その他,,
Train,61,2,楽曲,,
Train,61,3,楽曲,楽器,
Train,61,4,楽曲,,
Train,61,5,演奏：スタイル・理解,,
Train,61,6,その他,,
Train,62,1,演奏者,,
Train,62,2,楽曲,録音の背景,演奏：スタイル・理解
Train,62,3,演奏：スタイル・理解,演奏：構造,
Train,62,4,演奏：キャラクター・音色,評価：感じられ方,
Train,62,5,評価：その他,,
Dev,63,1,録音の背景,楽曲,
Dev,63,2,楽曲,,
Dev,63,3,楽曲,,
Dev,63,4,楽曲,演奏：技術,評価：感じられ方
Dev,63,5,その他,,
Train,64,1,演奏者,楽曲,
Train,64,2,楽曲,評価：真正性,評価：その他
Train,64,3,演奏：スタイル・理解,評価：感じられ方,
Train,64,4,演奏：コミュニケーション,,
Train,64,5,楽曲,演奏：キャラクター・音色,評価：真正性
Dev,65,1,楽曲,録音の背景,
Dev,65,2,楽曲,,
Dev,65,3,楽曲,,
Dev,65,4,楽曲,,
Dev,65,5,演奏：スタイル・理解,評価：感じられ方,
Train,66,1,演奏者,,
Train,66,2,演奏者,,
Train,66,3,演奏：スタイル・理解,評価：その他,
Train,66,4,演奏：キャラクター・音色,演奏：構造,
Train,66,5,演奏：コミュニケーション,評価：感じられ方,
Train,67,1,録音の背景,,
Train,67,2,録音の背景,演奏：コミュニケーション,
Train,67,3,演奏：キャラクター・音色,,
Train,67,4,演奏：スタイル・理解,評価：感じられ方,演奏：キャラクター・音色
Train,67,5,楽曲,演奏：キャラクター・音色,
Train,68,1,録音の背景,,
Train,68,2,楽曲,録音の背景,
Train,68,3,演奏：キャラクター・音色,,
Train,68,4,演奏：キャラクター・音色,評価：感じられ方,
Train,68,5,演奏：キャラクター・音色,演奏：構造,評価：感じられ方
Train,68,6,演奏：コミュニケーション,演奏：スタイル・理解,評価：感じられ方
Train,68,7,評価：対比,評価：感じられ方,その他
Train,68,8,評価：その他,,
Train,69,1,演奏者,楽曲,
Train,69,2,演奏：スタイル・理解,演奏：構造,演奏：感情
Train,69,3,楽曲,,
Test,70,1,演奏者,,
Test,70,2,録音の背景,楽曲,
Test,70,3,演奏：構造,評価：感じられ方,楽曲
Test,70,4,演奏：スタイル・理解,評価：その他,
Train,71,1,演奏者,楽器,
Train,71,2,楽器,,
Train,71,3,楽曲,,
Train,71,4,演奏：技術,演奏：時間的特徴,演奏：スタイル・理解
Train,71,5,演奏：キャラクター・音色,,
Train,71,6,演奏：キャラクター・音色,評価：真正性,
Train,71,7,演奏：スタイル・理解,,
Train,72,1,楽器,,
Train,72,2,評価：感じられ方,,
Train,72,3,演奏者,,
Train,72,4,演奏者,,
Train,72,5,楽曲,,
Train,72,6,楽器,演奏：スタイル・理解,演奏：キャラクター・音色
Train,73,1,演奏者,録音の背景,
Train,73,2,演奏：スタイル・理解,,
Train,73,3,演奏：構造,,
Train,73,4,演奏：構造,評価：その他,
Train,73,5,演奏：スタイル・理解,評価：その他,
Train,73,6,演奏：スタイル・理解,楽曲,評価：その他
Train,74,1,演奏者,,
Train,74,2,録音の背景,演奏者,
Train,74,3,演奏者,演奏：スタイル・理解,演奏：キャラクター・音色
Train,74,4,演奏：構造,楽曲,演奏：キャラクター・音色
Train,74,5,演奏：技術,評価：感じられ方,評価：その他
Dev,75,1,演奏：スタイル・理解,,
Dev,75,2,楽曲,評価：感じられ方,
Dev,75,3,演奏：技術,演奏：エネルギー,評価：感じられ方
Dev,75,4,楽曲,評価：感じられ方,
Train,76,1,演奏者,,
Train,76,2,演奏者,録音の背景,
Train,76,3,演奏：キャラクター・音色,楽曲,評価：その他
Train,76,4,楽曲,演奏：エネルギー,演奏：キャラクター・音色
Test,77,1,演奏者,,
Test,77,2,録音の背景,,
Test,77,3,録音の背景,評価：その他,
Test,77,4,演奏：キャラクター・音色,演奏：技術,
Test,77,5,演奏：感情,演奏：技術,
Test,77,6,演奏：キャラクター・音色,,
Test,77,7,評価：その他,,
Train,78,1,楽曲,録音の背景,
Train,78,2,演奏者,,
Train,78,3,演奏者,,
Train,78,4,演奏者,,
Train,78,5,演奏者,,
Train,78,6,その他,,
Train,78,7,その他,,
Dev,79,1,録音の背景,楽曲,
Dev,79,2,楽曲,,
Dev,79,3,評価：その他,,
Dev,79,4,演奏：キャラクター・音色,録音の背景,評価：感じられ方
Train,80,1,演奏者,録音の背景,
Train,80,2,演奏：キャラクター・音色,評価：感じられ方,
Train,80,3,演奏：技術,楽曲,評価：感じられ方
Train,80,4,演奏：スタイル・理解,演奏：キャラクター・音色,評価：その他
Train,80,5,楽曲,演奏：キャラクター・音色,演奏：スタイル・理解
Train,80,6,演奏者,,
Train,81,1,演奏者,録音の背景,
Train,81,2,録音の背景,,
Train,81,3,評価：感じられ方,演奏：キャラクター・音色,演奏：構造
Train,81,4,演奏：キャラクター・音色,演奏：構造,評価：感じられ方
Train,81,5,楽曲,評価：感じられ方,
Train,81,6,演奏：技術,評価：その他,
Train,81,7,評価：感じられ方,,
Train,82,1,楽曲,,
Train,82,2,楽曲,演奏者,演奏：技術
Train,82,3,演奏：キャラクター・音色,演奏：コミュニケーション,
Train,82,4,楽曲,,
Train,83,1,楽曲,,
Train,83,2,演奏者,演奏：構造,演奏：スタイル・理解
Train,83,3,演奏：キャラクター・音色,演奏：音量的特徴,評価：その他
Train,83,4,演奏：キャラクター・音色,演奏：感情,
Train,83,5,演奏者,評価：その他,
Train,83,6,演奏：スタイル・理解,演奏：コミュニケーション,
Train,84,1,演奏：リズム,演奏：エネルギー,評価：感じられ方
Train,84,2,評価：感じられ方,,
Train,84,3,評価：感じられ方,,
Train,84,4,演奏者,,
Train,84,5,録音の背景,,
Train,84,6,演奏：キャラクター・音色,評価：感じられ方,
Train,84,7,楽曲,,
Train,84,8,評価：感じられ方,,
Dev,85,1,楽曲,,
Dev,85,2,楽曲,,
Dev,85,3,演奏：技術,演奏：スタイル・理解,
Dev,85,4,演奏：スタイル・理解,,
Dev,85,5,演奏：スタイル・理解,楽曲,演奏：コミュニケーション
Train,86,1,録音の背景,,
Train,86,2,演奏：スタイル・理解,,
Train,86,3,演奏：構造,評価：その他,
Train,86,4,演奏：スタイル・理解,演奏：エネルギー,
Train,86,5,演奏：キャラクター・音色,,
Train,86,6,演奏：キャラクター・音色,,
Train,86,7,その他,,
Dev,87,1,演奏者,楽曲,
Dev,87,2,演奏：技術,演奏：キャラクター・音色,評価：その他
Dev,87,3,演奏：キャラクター・音色,演奏：アーティキュレーション,評価：その他
Dev,87,4,演奏：キャラクター・音色,演奏：スタイル・理解,評価：感じられ方
Train,88,1,演奏者,録音の背景,
Train,88,2,楽曲,演奏者,
Train,88,3,楽曲,評価：その他,
Train,88,4,評価：その他,,
Test,89,1,演奏者,,
Test,89,2,評価：その他,,
Test,89,3,演奏：キャラクター・音色,演奏：構造,評価：真正性
Test,89,4,評価：その他,楽曲,演奏：スタイル・理解
Test,89,5,演奏：構造,評価：その他,
Test,89,6,評価：その他,,
Train,90,1,楽曲,演奏：キャラクター・音色,評価：感じられ方
Train,90,2,演奏者,,
Train,90,3,録音の背景,演奏者,
Train,90,4,楽曲,,
Train,90,5,演奏：コミュニケーション,演奏：アーティキュレーション,
Train,90,6,演奏：スタイル・理解,演奏：キャラクター・音色,
Train,90,7,評価：真正性,,
Test,91,1,録音の背景,楽曲,
Test,91,2,楽曲,演奏：キャラクター・音色,
Test,91,3,演奏：構造,演奏：キャラクター・音色,演奏：スタイル・理解
Test,91,4,評価：感じられ方,,
Train,92,1,評価：感じられ方,,
Train,92,2,演奏者,,
Train,92,3,演奏者,楽曲,演奏：スタイル・理解
Train,92,4,楽曲,演奏：キャラクター・音色,
Train,92,5,演奏：感情,評価：感じられ方,
Train,93,1,楽曲,,
Train,93,2,楽曲,演奏者,演奏：スタイル・理解
Train,93,3,楽曲,評価：感じられ方,
Train,93,4,その他,演奏：キャラクター・音色,
Train,94,1,演奏者,,
Train,94,2,演奏者,評価：その他,
Train,94,3,演奏：時間的特徴,評価：真正性,演奏：スタイル・理解
Train,94,4,演奏：スタイル・理解,演奏：キャラクター・音色,評価：感じられ方
Train,94,5,評価：真正性,,
Train,95,1,演奏者,,
Train,95,2,楽曲,,
Train,95,3,楽曲,,
Train,96,1,楽曲,録音の背景,
Train,96,2,楽曲,演奏者,
Train,96,3,楽曲,演奏：スタイル・理解,演奏：感情
Train,96,4,評価：その他,演奏：キャラクター・音色,
Train,97,1,演奏者,録音の背景,評価：感じられ方
Train,97,2,楽曲,,
Train,97,3,その他,,
Train,97,4,演奏：スタイル・理解,評価：その他,
Train,97,5,演奏：スタイル・理解,,
Dev,98,1,演奏者,,
Dev,98,2,録音の背景,,
Dev,98,3,録音の背景,,
Dev,98,4,演奏者,,
Dev,98,5,演奏者,,
Dev,98,6,演奏者,演奏：キャラクター・音色,演奏：感情
Dev,98,7,演奏：感情,評価：感じられ方,
Dev,98,8,評価：その他,,
Dev,98,9,演奏者,,
Dev,98,10,その他,,
Dev,99,1,演奏者,演奏：スタイル・理解,
Dev,99,2,楽曲,,
Dev,99,3,演奏：スタイル・理解,演奏：エネルギー,演奏：時間的特徴
Test,100,1,評価：感じられ方,評価：その他,
Test,100,2,評価：その他,,
Test,100,3,演奏：コミュニケーション,演奏：感情,評価：感じられ方
Test,100,4,演奏：構造,演奏：キャラクター・音色,
Test,100,5,評価：その他,,
Test,100,6,演奏：キャラクター・音色,評価：その他,
Test,100,7,その他,演奏：キャラクター・音色,
Train,101,1,演奏者,楽曲,
Train,101,2,楽曲,,
Train,101,3,楽曲,,
Train,101,4,楽曲,,
Train,101,5,楽曲,,
Train,102,1,その他,,
Train,102,2,その他,,
Train,102,3,演奏者,楽曲,
Train,102,4,楽曲,,
Train,102,5,演奏：コミュニケーション,演奏：スタイル・理解,
Train,102,6,楽曲,演奏：キャラクター・音色,評価：その他
Train,102,7,演奏：キャラクター・音色,,
Test,103,1,演奏者,,
Test,103,2,演奏者,,
Test,103,3,録音の背景,,
Test,103,4,演奏：キャラクター・音色,演奏：感情,
Test,103,5,演奏：キャラクター・音色,,
Test,103,6,評価：感じられ方,,
Test,103,7,楽器,評価：感じられ方,演奏：エネルギー
Test,103,8,演奏：エネルギー,,
Test,103,9,評価：感じられ方,,
Train,104,1,演奏：感情,,
Train,104,2,演奏者,,
Train,104,3,演奏者,,
Train,104,4,録音の背景,,
Train,104,5,演奏：感情,楽曲,演奏：キャラクター・音色
Train,104,6,演奏：技術,演奏：キャラクター・音色,演奏：スタイル・理解
Train,104,7,評価：感じられ方,,
Train,104,8,評価：感じられ方,,
Train,105,1,演奏者,,
Train,105,2,演奏：スタイル・理解,評価：その他,
Train,105,3,演奏：コミュニケーション,演奏：技術,
Train,105,4,演奏：キャラクター・音色,楽曲,演奏：感情
Train,105,5,その他,,
Test,106,1,演奏：技術,演奏：スタイル・理解,評価：感じられ方
Test,106,2,楽器,演奏：技術,
Test,106,3,評価：その他,,
Test,106,4,演奏：アーティキュレーション,評価：その他,演奏：キャラクター・音色
Test,106,5,評価：その他,演奏者,
Train,107,1,演奏者,録音の背景,
Train,107,2,演奏：時間的特徴,演奏：コミュニケーション,
Train,107,3,演奏：スタイル・理解,評価：その他,
Train,107,4,演奏：キャラクター・音色,楽曲,演奏：スタイル・理解
Train,107,5,楽曲,演奏：スタイル・理解,
Train,108,1,録音の背景,,
Train,108,2,楽曲,,
Train,108,3,楽曲,楽器,
Train,108,4,楽器,,
Train,108,5,楽器,,
Train,108,6,楽曲,演奏：スタイル・理解,
Train,108,7,楽曲,演奏：キャラクター・音色,評価：その他
Train,109,1,演奏者,,
Train,109,2,演奏者,録音の背景,
Train,109,3,楽曲,,
Train,109,4,楽曲,,
Train,109,5,楽曲,,
Train,110,1,演奏者,,
Train,110,2,録音の背景,楽曲,演奏者
Train,110,3,評価：対比,演奏：スタイル・理解,
Train,110,4,演奏：キャラクター・音色,評価：感じられ方,
Train,110,5,演奏：スタイル・理解,評価：真正性,
Train,110,6,楽曲,演奏：スタイル・理解,評価：その他
Train,111,1,演奏者,録音の背景,
Train,111,2,楽器,楽曲,その他
Train,111,3,評価：感じられ方,,
Train,111,4,演奏：構造,演奏：感情,
Train,111,5,楽器,演奏：キャラクター・音色,演奏：スタイル・理解
Train,111,6,評価：その他,,
Train,111,7,その他,,
Train,112,1,楽曲,,
Train,112,2,演奏：キャラクター・音色,,
Train,112,3,演奏：キャラクター・音色,評価：感じられ方,
Train,112,4,演奏：スタイル・理解,,
Train,112,5,演奏：キャラクター・音色,,
Train,113,1,楽曲,演奏：キャラクター・音色,
Train,113,2,演奏者,演奏：アーティキュレーション,
Train,113,3,楽曲,,
Train,113,4,楽曲,,
Train,113,5,楽曲,,
Train,114,1,演奏者,,
Train,114,2,演奏：キャラクター・音色,演奏：エネルギー,
Train,114,3,楽曲,,
Train,114,4,評価：感じられ方,演奏：感情,
Train,114,5,演奏者,演奏：キャラクター・音色,評価：感じられ方
Train,115,1,録音の背景,,
Train,115,2,演奏者,評価：その他,
Train,115,3,評価：その他,,
Train,115,4,演奏：技術,,
Train,115,5,演奏：キャラクター・音色,演奏：構造,評価：その他
Train,115,6,演奏：構造,,
Train,115,7,演奏：エネルギー,評価：感じられ方,
Train,116,1,演奏者,,
Train,116,2,演奏：キャラクター・音色,演奏：エネルギー,
Train,116,3,楽曲,評価：その他,
Train,116,4,演奏：スタイル・理解,演奏：感情,
Train,116,5,演奏者,演奏：エネルギー,評価：その他
Train,117,1,録音の背景,,
Train,117,2,楽曲,楽器,演奏：構造
Train,117,3,演奏：スタイル・理解,,
Train,117,4,楽曲,演奏：技術,評価：感じられ方
Test,118,1,録音の背景,評価：感じられ方,
Test,118,2,演奏：リズム,演奏：技術,楽器
Test,118,3,評価：対比,評価：感じられ方,
Test,118,4,評価：感じられ方,,
Test,118,5,その他,,
Train,119,1,その他,,
Train,119,2,楽曲,,
Train,119,3,楽曲,,
Train,119,4,演奏：スタイル・理解,,
Train,120,1,楽曲,録音の背景,
Train,120,2,演奏者,楽器,
Train,120,3,評価：その他,楽曲,演奏：スタイル・理解
Train,120,4,楽曲,評価：感じられ方,
Train,121,1,楽曲,,
Train,121,2,録音の背景,楽曲,
Train,121,3,楽曲,評価：感じられ方,
Train,121,4,楽曲,,
Train,121,5,楽曲,,
Train,121,6,演奏：キャラクター・音色,評価：感じられ方,
Train,121,7,演奏：エネルギー,評価：感じられ方,
Train,122,1,演奏者,楽曲,
Train,122,2,楽曲,,
Train,122,3,演奏者,演奏：スタイル・理解,演奏：技術
Train,122,4,楽曲,,
Train,122,5,楽曲,,
Train,122,6,楽曲,,
Train,123,1,演奏者,録音の背景,
Train,123,2,楽曲,演奏：キャラクター・音色,
Train,123,3,演奏者,演奏：キャラクター・音色,
Train,123,4,楽曲,演奏：キャラクター・音色,評価：その他
Train,123,5,評価：感じられ方,,
Train,123,6,演奏者,評価：その他,
Train,123,7,評価：感じられ方,,
Test,124,1,録音の背景,,
Test,124,2,楽曲,評価：その他,
Test,124,3,演奏：キャラクター・音色,評価：その他,
Test,124,4,演奏：キャラクター・音色,,
Train,125,1,演奏者,録音の背景,楽曲
Train,125,2,演奏：キャラクター・音色,演奏：技術,
Train,125,3,楽曲,評価：感じられ方,
Train,125,4,その他,,
Dev,126,1,その他,,
Dev,126,2,演奏：スタイル・理解,評価：感じられ方,
Dev,126,3,楽曲,演奏：キャラクター・音色,演奏：スタイル・理解
Train,127,1,演奏者,,
Train,127,2,録音の背景,楽曲,
Train,127,3,演奏：スタイル・理解,,
Train,127,4,演奏：感情,,
Train,127,5,評価：その他,,
Train,127,6,楽器,,
Train,127,7,楽器,,
Dev,128,1,録音の背景,演奏者,
Dev,128,2,楽曲,演奏：キャラクター・音色,
Dev,128,3,楽曲,,
Dev,128,4,楽曲,評価：感じられ方,
Dev,129,1,録音の背景,,
Dev,129,2,演奏：コミュニケーション,評価：感じられ方,
Dev,129,3,演奏：感情,演奏：キャラクター・音色,演奏：エネルギー
Dev,129,4,録音の背景,演奏：キャラクター・音色,
Train,130,1,録音の背景,,
Train,130,2,楽器,演奏：スタイル・理解,
Train,130,3,その他,演奏：構造,演奏：技術
Train,130,4,その他,,
Train,130,5,楽器,評価：その他,
Train,131,1,楽曲,,
Train,131,2,楽曲,,
Train,131,3,演奏者,録音の背景,
Train,131,4,録音の背景,,
Train,131,5,演奏：キャラクター・音色,演奏：コミュニケーション,評価：感じられ方
Train,131,6,評価：感じられ方,,
Train,132,1,録音の背景,,
Train,132,2,演奏：エネルギー,演奏：キャラクター・音色,
Train,132,3,演奏：構造,楽曲,評価：その他
Train,132,4,演奏：スタイル・理解,,
Train,132,5,演奏：スタイル・理解,演奏：エネルギー,評価：その他
Train,132,6,評価：その他,評価：感じられ方,
Train,132,7,その他,,
Test,133,1,演奏者,録音の背景,評価：感じられ方
Test,133,2,演奏：構造,楽器,演奏：技術
Test,133,3,楽器,楽曲,評価：感じられ方
Test,133,4,評価：感じられ方,,
Test,133,5,評価：その他,,
Dev,134,1,演奏者,,
Dev,134,2,録音の背景,,
Dev,134,3,演奏：スタイル・理解,,
Dev,134,4,楽曲,,
Dev,134,5,演奏：キャラクター・音色,評価：その他,
Train,135,1,その他,,
Train,135,2,演奏：スタイル・理解,,
Train,135,3,録音の背景,楽器,
Train,135,4,楽器,,
Train,135,5,演奏：キャラクター・音色,,
Train,135,6,演奏：スタイル・理解,演奏：構造,評価：感じられ方
Train,136,1,演奏者,,
Train,136,2,録音の背景,,
Train,136,3,楽曲,録音の背景,
Train,136,4,楽曲,録音の背景,評価：その他
Train,137,1,演奏者,録音の背景,
Train,137,2,楽曲,演奏：スタイル・理解,
Train,137,3,演奏：スタイル・理解,評価：その他,
Train,137,4,演奏：キャラクター・音色,評価：その他,
Train,137,5,演奏：キャラクター・音色,,
Train,138,1,演奏者,,
Train,138,2,演奏者,録音の背景,
Train,138,3,録音の背景,,
Train,138,4,楽曲,,
Train,138,5,楽曲,,
Train,139,1,演奏者,録音の背景,
Train,139,2,楽曲,評価：感じられ方,
Train,139,3,演奏：キャラクター・音色,演奏：構造,演奏：リズム
Train,139,4,演奏：その他,評価：感じられ方,
Train,139,5,評価：感じられ方,,
Train,140,1,その他,,
Train,140,2,その他,,
Train,140,3,その他,,
Train,140,4,演奏者,楽曲,
Train,140,5,演奏：キャラクター・音色,,
Train,140,6,その他,,
Train,140,7,その他,,
Dev,141,1,演奏者,,
Dev,141,2,楽曲,演奏：キャラクター・音色,評価：感じられ方
Dev,141,3,録音の背景,評価：感じられ方,
Dev,141,4,演奏：感情,演奏：スタイル・理解,評価：真正性
Train,142,1,演奏：技術,演奏：キャラクター・音色,
Train,142,2,評価：その他,,
Train,142,3,演奏者,録音の背景,
Train,142,4,楽曲,,
Train,142,5,楽曲,,
Train,142,6,演奏：コミュニケーション,演奏：スタイル・理解,
Train,142,7,演奏：スタイル・理解,演奏：コミュニケーション,
Dev,143,1,楽曲,演奏：コミュニケーション,演奏：スタイル・理解
Dev,143,2,演奏：技術,演奏：キャラクター・音色,
Dev,143,3,評価：感じられ方,,
Dev,143,4,演奏：構造,評価：感じられ方,
Dev,143,5,評価：感じられ方,,
Train,144,1,楽曲,録音の背景,
Train,144,2,楽曲,,
Train,144,3,楽曲,,
Train,144,4,楽器,演奏：キャラクター・音色,評価：感じられ方
Train,144,5,評価：感じられ方,,
Train,145,1,演奏者,,
Train,145,2,楽曲,,
Train,145,3,演奏：スタイル・理解,演奏：コミュニケーション,演奏：リズム
Train,145,4,評価：感じられ方,,
Train,145,5,演奏：キャラクター・音色,演奏：技術,演奏：コミュニケーション
Test,146,1,楽器,,
Test,146,2,演奏者,楽曲,評価：その他
Test,146,3,楽器,演奏：エネルギー,演奏：キャラクター・音色
Test,146,4,その他,,
Train,147,1,演奏者,録音の背景,
Train,147,2,楽曲,,
Train,147,3,演奏：キャラクター・音色,評価：その他,
Train,147,4,楽曲,演奏：キャラクター・音色,演奏：スタイル・理解
Train,147,5,評価：その他,,
Train,148,1,演奏者,,
Train,148,2,録音の背景,,
Train,148,3,演奏：スタイル・理解,演奏：キャラクター・音色,
Train,148,4,演奏：スタイル・理解,演奏：キャラクター・音色,
Train,148,5,演奏：エネルギー,演奏：構造,演奏：感情
Train,148,6,評価：感じられ方,,
Train,149,1,演奏者,録音の背景,
Train,149,2,録音の背景,演奏：キャラクター・音色,演奏：感情
Train,149,3,演奏：キャラクター・音色,評価：感じられ方,
Train,149,4,楽曲,,
Train,149,5,楽曲,,
Train,149,6,録音の背景,,
Train,150,1,演奏者,,
Train,150,2,録音の背景,楽曲,
Train,150,3,演奏者,,
Train,150,4,演奏：キャラクター・音色,演奏：スタイル・理解,
Train,150,5,演奏者,演奏：感情,評価：感じられ方
Test,151,1,録音の背景,,
Test,151,2,録音の背景,,
Test,151,3,評価：感じられ方,,
Test,151,4,評価：感じられ方,評価：対比,
Test,151,5,評価：対比,,
Test,151,6,評価：感じられ方,,
Test,151,7,楽曲,評価：感じられ方,
Test,151,8,楽曲,演奏：スタイル・理解,
Test,151,9,演奏：エネルギー,,
Test,151,10,評価：対比,評価：感じられ方,
Train,152,1,楽曲,,
Train,152,2,楽曲,,
Train,152,3,演奏者,楽曲,
Train,152,4,楽器,演奏：構造,演奏：エネルギー
Train,152,5,楽器,評価：感じられ方,
Test,153,1,録音の背景,,
Test,153,2,楽曲,,
Test,153,3,演奏者,,
Test,153,4,評価：感じられ方,評価：その他,
Test,153,5,演奏：スタイル・理解,演奏：コミュニケーション,評価：その他
Test,153,6,評価：その他,,
Test,153,7,評価：その他,,
Train,154,1,評価：その他,,
Train,154,2,楽器,,
Train,154,3,演奏者,,
Train,154,4,楽曲,,
Train,154,5,楽曲,,
Train,154,6,演奏：コミュニケーション,,
Train,154,7,その他,,
Train,155,1,演奏者,,
Train,155,2,演奏者,録音の背景,
Train,155,3,演奏：エネルギー,演奏：キャラクター・音色,
Train,155,4,演奏：スタイル・理解,評価：その他,評価：感じられ方
Train,155,5,演奏：キャラクター・音色,演奏：スタイル・理解,評価：その他
Train,155,6,評価：その他,楽曲,
Dev,156,1,演奏者,,
Dev,156,2,録音の背景,楽曲,
Dev,156,3,演奏：技術,演奏：スタイル・理解,評価：その他
Dev,156,4,楽曲,演奏：スタイル・理解,演奏：キャラクター・音色
Train,157,1,演奏者,,
Train,157,2,演奏者,録音の背景,
Train,157,3,録音の背景,評価：感じられ方,
Train,157,4,録音の背景,演奏：キャラクター・音色,演奏：スタイル・理解
Train,158,1,演奏者,録音の背景,
Train,158,2,楽曲,,
Train,158,3,評価：感じられ方,,
Train,158,4,演奏：キャラクター・音色,演奏：構造,演奏：技術
Train,158,5,楽曲,評価：その他,
Train,158,6,その他,,
Train,159,1,楽器,,
Train,159,2,演奏者,,
Train,159,3,楽曲,,
Train,159,4,演奏：スタイル・理解,,
Train,159,5,演奏：キャラクター・音色,楽器,
Train,159,6,楽器,,
Train,159,7,評価：その他,,
Dev,160,1,演奏：技術,演奏者,
Dev,160,2,演奏者,録音の背景,
Dev,160,3,録音の背景,,
Dev,160,4,演奏：キャラクター・音色,演奏：構造,
Dev,160,5,演奏：スタイル・理解,,
Train,161,1,演奏者,録音の背景,
Train,161,2,楽曲,その他,
Train,161,3,評価：感じられ方,,
Train,161,4,評価：感じられ方,演奏：構造,
Train,161,5,楽器,評価：その他,評価：感じられ方
Train,162,1,演奏者,,
Train,162,2,演奏者,録音の背景,
Train,162,3,楽曲,録音の背景,
Train,162,4,楽曲,,
Train,162,5,評価：感じられ方,,
Test,163,1,演奏：キャラクター・音色,,
Test,163,2,演奏：スタイル・理解,演奏：コミュニケーション,評価：感じられ方
Test,163,3,評価：感じられ方,,
Test,163,4,楽曲,評価：真正性,
Test,163,5,評価：感じられ方,,
Train,164,1,演奏者,,
Train,164,2,演奏：キャラクター・音色,演奏：アーティキュレーション,演奏：時間的特徴
Train,164,3,演奏：リズム,演奏：スタイル・理解,
Train,164,4,演奏者,評価：その他,
Test,165,1,演奏：キャラクター・音色,楽曲,
Test,165,2,演奏：キャラクター・音色,演奏：構造,評価：その他
Test,165,3,演奏：技術,評価：感じられ方,
Test,165,4,演奏：時間的特徴,演奏：感情,評価：その他
Test,165,5,評価：その他,,
Test,165,6,評価：その他,,
Train,166,1,録音の背景,,
Train,166,2,楽曲,演奏：エネルギー,
Train,166,3,演奏：スタイル・理解,演奏：感情,評価：その他
Train,166,4,評価：感じられ方,演奏：構造,
Train,167,1,演奏者,楽曲,
Train,167,2,楽器,,
Train,167,3,演奏：スタイル・理解,楽曲,
Train,167,4,演奏：スタイル・理解,評価：感じられ方,
Train,168,1,演奏者,楽曲,
Train,168,2,楽曲,,
Train,168,3,演奏者,演奏：スタイル・理解,
Train,168,4,演奏：キャラクター・音色,演奏者,評価：その他
Train,168,5,演奏：キャラクター・音色,演奏：スタイル・理解,
Dev,169,1,演奏者,評価：その他,
Dev,169,2,楽曲,,
Dev,169,3,楽曲,演奏者,
Dev,169,4,楽曲,,
Dev,169,5,楽曲,演奏：感情,評価：感じられ方
Dev,170,1,演奏者,録音の背景,
Dev,170,2,演奏：エネルギー,演奏：構造,演奏：技術
Dev,170,3,評価：感じられ方,評価：その他,
Train,171,1,その他,,
Train,171,2,評価：感じられ方,,
Train,171,3,評価：感じられ方,,
Train,171,4,評価：感じられ方,,
Train,171,5,演奏：スタイル・理解,演奏：キャラクター・音色,演奏：感情
Train,171,6,評価：感じられ方,,
Train,171,7,録音の背景,,
Train,171,8,演奏者,,
Train,171,9,評価：感じられ方,,
Train,172,1,評価：感じられ方,,
Train,172,2,演奏者,,
Train,172,3,楽曲,演奏：技術,演奏：キャラクター・音色
Train,172,4,評価：その他,,
Train,172,5,録音の背景,,
Test,173,1,演奏者,,
Test,173,2,録音の背景,,
Test,173,3,演奏者,評価：感じられ方,
Test,173,4,演奏：構造,,
Test,173,5,演奏：キャラクター・音色,評価：感じられ方,
Test,173,6,演奏：エネルギー,,
Test,173,7,演奏：スタイル・理解,評価：感じられ方,
Test,173,8,評価：感じられ方,,
Train,174,1,演奏者,録音の背景,
Train,174,2,楽曲,,
Train,174,3,楽曲,,
Train,174,4,楽曲,演奏：キャラクター・音色,評価：その他
Train,174,5,楽曲,評価：感じられ方,
Dev,175,1,評価：その他,,
Dev,175,2,楽曲,,
Dev,175,3,楽曲,演奏：スタイル・理解,演奏：コミュニケーション
Dev,175,4,演奏：キャラクター・音色,,
Dev,175,5,演奏者,,
Dev,175,6,演奏：キャラクター・音色,演奏：コミュニケーション,
Dev,176,1,録音の背景,,
Dev,176,2,楽曲,,
Dev,176,3,楽曲,演奏：キャラクター・音色,演奏：感情
Dev,176,4,演奏：スタイル・理解,評価：その他,
Dev,177,1,演奏者,録音の背景,
Dev,177,2,楽曲,,
Dev,177,3,楽曲,,
Dev,177,4,演奏：スタイル・理解,評価：その他,
Train,178,1,演奏者,録音の背景,
Train,178,2,楽曲,,
Train,178,3,演奏：キャラクター・音色,,
Train,178,4,評価：感じられ方,,
Train,178,5,楽曲,評価：感じられ方,
Train,178,6,演奏：エネルギー,,
Train,178,7,その他,,
Train,179,1,楽曲,,
Train,179,2,楽曲,,
Train,179,3,演奏者,楽曲,
Train,179,4,楽曲,,
Train,179,5,楽曲,,
Train,179,6,楽曲,,
Train,179,7,楽曲,,
Train,180,1,演奏者,録音の背景,
Train,180,2,演奏：音量的特徴,演奏：その他,演奏：感情
Train,180,3,楽曲,評価：その他,
Train,181,1,録音の背景,,
Train,181,2,演奏：スタイル・理解,,
Train,181,3,演奏：エネルギー,評価：感じられ方,
Train,181,4,評価：感じられ方,,
Train,181,5,演奏：時間的特徴,,
Train,181,6,評価：感じられ方,演奏：コミュニケーション,
Train,181,7,評価：感じられ方,,
Train,182,1,評価：その他,,
Train,182,2,演奏者,楽曲,
Train,182,3,演奏：キャラクター・音色,演奏：スタイル・理解,
Train,182,4,演奏：エネルギー,評価：感じられ方,
Train,182,5,楽曲,評価：感じられ方,
Train,182,6,楽曲,評価：感じられ方,
Train,183,1,演奏者,,
Train,183,2,楽曲,,
Train,183,3,楽曲,演奏：キャラクター・音色,評価：その他
Train,184,1,演奏者,,
Train,184,2,演奏者,,
Train,184,3,録音の背景,,
Train,184,4,楽曲,,
Train,184,5,演奏：技術,,
Train,184,6,演奏：キャラクター・音色,演奏：スタイル・理解,
Train,184,7,演奏：コミュニケーション,,
Train,185,1,演奏者,,
Train,185,2,演奏者,,
Train,185,3,録音の背景,,
Train,185,4,演奏：スタイル・理解,,
Train,185,5,演奏：スタイル・理解,,
Train,185,6,演奏：キャラクター・音色,演奏：コミュニケーション,評価：感じられ方
Train,186,1,演奏者,その他,
Train,186,2,評価：その他,,
Train,186,3,演奏者,,
Train,186,4,録音の背景,,
Train,186,5,楽曲,,
Train,186,6,楽曲,,
Train,186,7,評価：その他,,
Dev,187,1,演奏者,,
Dev,187,2,演奏者,録音の背景,
Dev,187,3,楽曲,評価：その他,
Dev,187,4,演奏者,演奏：キャラクター・音色,評価：感じられ方
Dev,187,5,演奏：構造,評価：その他,
Test,188,1,楽曲,,
Test,188,2,楽曲,,
Test,188,3,楽曲,,
Test,188,4,評価：その他,,
Test,188,5,その他,,
Train,189,1,演奏：感情,,
Train,189,2,楽曲,評価：感じられ方,
Train,189,3,演奏者,,
Train,189,4,演奏者,,
Train,189,5,評価：その他,,
Train,189,6,演奏：技術,演奏：スタイル・理解,
Train,189,7,評価：感じられ方,,
Test,190,1,演奏：スタイル・理解,演奏：キャラクター・音色,評価：感じられ方
Test,190,2,演奏：スタイル・理解,演奏：構造,
Test,190,3,録音の背景,,
Test,190,4,楽曲,演奏：エネルギー,評価：感じられ方
Test,190,5,演奏：時間的特徴,,
Test,190,6,楽器,,
Test,190,7,楽曲,演奏：音量的特徴,演奏：構造
Test,191,1,評価：その他,,
Test,191,2,評価：その他,演奏：時間的特徴,演奏：キャラクター・音色
Test,191,3,演奏：音量的特徴,演奏：キャラクター・音色,評価：その他
Test,191,4,楽曲,演奏：感情,演奏：キャラクター・音色
Test,191,5,楽曲,,
Test,191,6,楽曲,,
Train,192,1,演奏者,楽曲,
Train,192,2,楽曲,楽器,
Train,192,3,演奏：キャラクター・音色,,
Train,192,4,楽曲,,
Train,192,5,演奏：その他,,
Train,192,6,演奏：コミュニケーション,評価：その他,
Train,193,1,楽曲,,
Train,193,2,楽曲,,
Train,193,3,その他,,
Train,193,4,演奏者,,
Train,193,5,演奏：スタイル・理解,演奏：キャラクター・音色,演奏：コミュニケーション
Train,193,6,録音の背景,,
Train,194,1,楽曲,録音の背景,
Train,194,2,楽曲,演奏者,
Train,194,3,楽曲,,
Train,194,4,その他,,
Dev,195,1,演奏者,楽曲,
Dev,195,2,演奏：スタイル・理解,評価：その他,
Dev,195,3,演奏：キャラクター・音色,演奏：感情,評価：感じられ方
Dev,195,4,演奏：構造,演奏：コミュニケーション,
Dev,195,5,演奏：構造,評価：その他,
Train,196,1,録音の背景,,
Train,196,2,評価：その他,演奏：スタイル・理解,
Train,196,3,その他,,
Train,196,4,評価：その他,,
Train,197,1,演奏者,,
Train,197,2,演奏者,,
Train,197,3,演奏者,,
Train,197,4,評価：その他,,
Train,197,5,演奏：キャラクター・音色,演奏：感情,
Train,197,6,演奏：キャラクター・音色,,
Train,197,7,演奏：キャラクター・音色,演奏：構造,
Train,197,8,評価：その他,,
Train,198,1,録音の背景,,
Train,198,2,演奏者,録音の背景,
Train,198,3,楽曲,演奏：キャラクター・音色,評価：感じられ方
Train,198,4,楽曲,演奏：キャラクター・音色,評価：感じられ方
Train,198,5,楽曲,,
Train,198,6,評価：その他,,
Train,198,7,演奏：スタイル・理解,評価：その他,
Train,199,1,録音の背景,,
Train,199,2,録音の背景,,
Train,199,3,楽曲,,
Train,199,4,楽曲,,
Train,199,5,演奏者,演奏：技術,演奏：コミュニケーション
Train,199,6,評価：感じられ方,,
Dev,200,1,楽曲,,
Dev,200,2,楽曲,,
Dev,200,3,楽器,評価：その他,
Dev,200,4,演奏：構造,演奏：キャラクター・音色,演奏：コミュニケーション
Dev,200,5,楽曲,演奏：構造,演奏：感情
Train,201,1,録音の背景,,
Train,201,2,演奏者,録音の背景,
Train,201,3,評価：その他,,
Train,201,4,評価：その他,,
Train,201,5,演奏：エネルギー,演奏：構造,
Train,201,6,演奏：キャラクター・音色,演奏：コミュニケーション,評価：その他
Train,201,7,評価：感じられ方,,
Train,202,1,その他,,
Train,202,2,演奏者,,
Train,202,3,演奏：キャラクター・音色,演奏：構造,
Train,202,4,演奏：キャラクター・音色,演奏：感情,
Train,202,5,評価：その他,,
Train,202,6,演奏：技術,演奏：感情,評価：感じられ方
Train,202,7,評価：その他,,
#N/A,203,1,演奏者,,
#N/A,203,2,楽曲,,
#N/A,203,3,楽曲,,
#N/A,203,4,楽曲,,
#N/A,203,5,評価：その他,評価：感じられ方,
Train,204,1,演奏者,,
Train,204,2,録音の背景,演奏：構造,
Train,204,3,演奏：コミュニケーション,演奏：時間的特徴,演奏：エネルギー
Train,204,4,演奏：感情,評価：感じられ方,演奏：コミュニケーション
Train,204,5,演奏：スタイル・理解,,
Train,205,1,録音の背景,楽曲,
Train,205,2,楽曲,,
Train,205,3,評価：感じられ方,,
Train,205,4,楽曲,,
Train,205,5,楽曲,評価：感じられ方,
#N/A,206,1,楽曲,,
#N/A,206,2,楽曲,,
#N/A,206,3,楽曲,演奏：スタイル・理解,
#N/A,206,4,評価：感じられ方,演奏：エネルギー,評価：その他
#N/A,206,5,演奏：エネルギー,演奏：構造,評価：感じられ方
Train,207,1,演奏者,録音の背景,
Train,207,2,演奏：エネルギー,演奏：音量的特徴,
Train,207,3,演奏：スタイル・理解,演奏：技術,
Train,207,4,演奏：構造,,
Train,207,5,演奏：スタイル・理解,演奏：構造,
Train,207,6,演奏：スタイル・理解,評価：感じられ方,
Train,207,7,評価：その他,,
Train,208,1,楽曲,,
Train,208,2,楽曲,,
Train,208,3,楽曲,,
Train,208,4,楽器,演奏者,演奏：キャラクター・音色
Train,208,5,演奏：キャラクター・音色,,
Train,208,6,演奏：スタイル・理解,,
Train,209,1,演奏者,録音の背景,
Train,209,2,演奏：時間的特徴,演奏：キャラクター・音色,
Train,209,3,演奏：スタイル・理解,演奏：コミュニケーション,評価：その他
Train,209,4,演奏：キャラクター・音色,演奏：スタイル・理解,
Train,209,5,演奏：スタイル・理解,,
Train,210,1,楽器,,
Train,210,2,楽曲,演奏者,
Train,210,3,楽曲,楽器,演奏：コミュニケーション
Train,210,4,演奏者,楽器,
Train,210,5,演奏者,,
Train,210,6,その他,,
Test,211,1,演奏者,,
Test,211,2,評価：対比,演奏：スタイル・理解,
Test,211,3,評価：感じられ方,,
Test,211,4,評価：感じられ方,,
Test,211,5,楽曲,その他,
Train,212,1,楽曲,,
Train,212,2,録音の背景,,
Train,212,3,楽曲,評価：感じられ方,
Train,212,4,演奏：キャラクター・音色,評価：感じられ方,
Train,213,1,演奏者,録音の背景,
Train,213,2,評価：感じられ方,演奏者,
Train,213,3,楽曲,,
Train,213,4,評価：感じられ方,演奏：構造,評価：その他
Train,213,5,評価：その他,,
Train,214,1,演奏者,録音の背景,
Train,214,2,演奏：アーティキュレーション,演奏：コミュニケーション,演奏：キャラクター・音色
Train,214,3,演奏：構造,演奏：技術,演奏：キャラクター・音色
Train,214,4,演奏：キャラクター・音色,,
Train,214,5,評価：感じられ方,,
Train,214,6,評価：その他,,
Dev,215,1,録音の背景,,
Dev,215,2,演奏者,録音の背景,
Dev,215,3,演奏者,演奏：エネルギー,
Dev,215,4,演奏者,評価：その他,
Dev,215,5,評価：その他,,
Train,216,1,演奏者,,
Train,216,2,演奏者,,
Train,216,3,録音の背景,楽曲,
Train,216,4,演奏：キャラクター・音色,演奏：スタイル・理解,
Train,216,5,演奏：感情,,
Train,216,6,演奏：スタイル・理解,評価：その他,
Train,217,1,録音の背景,,
Train,217,2,楽曲,楽器,
Train,217,3,楽曲,,
Train,217,4,演奏：キャラクター・音色,評価：感じられ方,
Train,217,5,演奏：スタイル・理解,,
Train,218,1,演奏者,楽曲,
Train,218,2,演奏：スタイル・理解,演奏：キャラクター・音色,
Train,218,3,演奏：キャラクター・音色,演奏：スタイル・理解,評価：その他
Train,218,4,評価：その他,,
Test,219,1,楽器,,
Test,219,2,楽曲,,
Test,219,3,評価：感じられ方,,
Test,219,4,楽器,楽曲,
Test,219,5,その他,楽曲,
Test,220,1,録音の背景,,
Test,220,2,演奏：スタイル・理解,楽器,
Test,220,3,演奏：スタイル・理解,,
Test,220,4,演奏：キャラクター・音色,,
Test,220,5,楽曲,,
Test,220,6,楽曲,,
Test,220,7,楽曲,,
Test,220,8,楽曲,演奏：構造,評価：感じられ方
Train,221,1,楽器,,
Train,221,2,楽器,,
Train,221,3,演奏者,録音の背景,
Train,221,4,楽曲,演奏：スタイル・理解,
Train,221,5,評価：感じられ方,,
Train,222,1,演奏者,楽曲,録音の背景
Train,222,2,楽曲,演奏者,
Train,222,3,演奏者,,
Train,222,4,楽曲,,
Train,222,5,楽曲,,
Train,223,1,演奏者,,
Train,223,2,録音の背景,楽曲,
Train,223,3,演奏：スタイル・理解,演奏：技術,評価：その他
Train,223,4,楽曲,評価：感じられ方,演奏：コミュニケーション
Train,223,5,演奏：キャラクター・音色,評価：その他,
Train,224,1,演奏者,録音の背景,
Train,224,2,楽曲,楽器,
Train,224,3,演奏：キャラクター・音色,評価：その他,
Train,224,4,評価：感じられ方,,
Train,224,5,評価：感じられ方,,
Train,224,6,評価：感じられ方,,
Train,225,1,演奏者,録音の背景,
Train,225,2,演奏：感情,演奏：エネルギー,評価：感じられ方
Train,225,3,演奏：エネルギー,評価：感じられ方,
Train,225,4,評価：その他,,
Train,225,5,楽曲,演奏者,演奏：キャラクター・音色
Train,225,6,その他,,
Train,226,1,演奏者,楽曲,録音の背景
Train,226,2,演奏：構造,演奏：技術,演奏：コミュニケーション
Train,226,3,演奏：リズム,演奏：キャラクター・音色,
Train,226,4,演奏：キャラクター・音色,演奏：アーティキュレーション,演奏：エネルギー
Train,226,5,評価：その他,,
Train,227,1,演奏者,録音の背景,
Train,227,2,楽曲,演奏：スタイル・理解,
Train,227,3,楽曲,評価：その他,
Train,227,4,演奏：コミュニケーション,演奏：構造,
Train,227,5,評価：感じられ方,,
Train,228,1,楽器,,
Train,228,2,演奏者,楽曲,
Train,228,3,楽曲,,
Train,228,4,演奏：技術,演奏：スタイル・理解,
Test,229,1,演奏者,,
Test,229,2,楽曲,,
Test,229,3,楽曲,演奏：キャラクター・音色,演奏：スタイル・理解
Test,229,4,その他,,
Train,230,1,録音の背景,,
Train,230,2,楽曲,,
Train,230,3,演奏者,録音の背景,評価：その他
Train,230,4,楽曲,,
Train,231,1,楽曲,,
Train,231,2,楽曲,,
Train,231,3,演奏：構造,,
Train,231,4,楽曲,演奏：キャラクター・音色,演奏：エネルギー
Train,231,5,評価：感じられ方,,
Train,231,6,評価：感じられ方,,
Train,232,1,演奏者,楽曲,
Train,232,2,演奏者,,
Train,232,3,演奏者,演奏：キャラクター・音色,
Train,232,4,楽曲,,
Train,232,5,演奏：技術,評価：感じられ方,
Train,232,6,評価：感じられ方,,
Train,232,7,評価：その他,,
Train,233,1,演奏者,,
Train,233,2,演奏者,録音の背景,
Train,233,3,楽曲,演奏：キャラクター・音色,
Train,233,4,楽曲,演奏：スタイル・理解,評価：その他
Train,233,5,演奏者,評価：その他,
Train,234,1,演奏：キャラクター・音色,評価：感じられ方,
Train,234,2,その他,評価：感じられ方,
Train,234,3,楽曲,演奏：スタイル・理解,
Train,234,4,楽曲,演奏：スタイル・理解,演奏：キャラクター・音色
Train,235,1,楽曲,,
Train,235,2,楽曲,,
Train,235,3,演奏者,演奏：技術,
Train,235,4,演奏：スタイル・理解,,
Dev,236,1,演奏者,,
Dev,236,2,録音の背景,,
Dev,236,3,録音の背景,,
Dev,236,4,楽曲,演奏：スタイル・理解,演奏：感情
Test,237,1,楽器,,
Test,237,2,楽器,録音の背景,
Test,237,3,録音の背景,楽器,
Test,237,4,評価：感じられ方,演奏：キャラクター・音色,演奏：エネルギー
Test,237,5,評価：その他,,
Dev,238,1,演奏者,,
Dev,238,2,演奏：キャラクター・音色,演奏：時間的特徴,評価：その他
Dev,238,3,楽曲,,
Dev,238,4,楽曲,,
Dev,238,5,楽曲,,
Dev,238,6,楽曲,,
Train,239,1,演奏：キャラクター・音色,,
Train,239,2,録音の背景,楽曲,
Train,239,3,演奏：技術,演奏：キャラクター・音色,
Train,239,4,演奏：時間的特徴,,
Train,239,5,演奏：構造,演奏：スタイル・理解,評価：その他
Train,239,6,演奏：スタイル・理解,評価：真正性,
Train,239,7,評価：その他,,
Train,240,1,評価：感じられ方,,
Train,240,2,評価：感じられ方,,
Train,240,3,演奏者,,
Train,240,4,楽曲,録音の背景,
Train,240,5,楽器,,
Train,240,6,演奏：キャラクター・音色,演奏：構造,演奏：スタイル・理解
Train,241,1,演奏者,,
Train,241,2,評価：その他,,
Train,241,3,演奏：その他,,
Train,241,4,楽曲,,
Train,241,5,演奏：スタイル・理解,,
Test,242,1,演奏者,,
Test,242,2,評価：その他,,
Test,242,3,演奏者,演奏：キャラクター・音色,
Test,242,4,演奏：キャラクター・音色,評価：その他,
Test,242,5,演奏：エネルギー,,
Test,242,6,演奏：感情,演奏：エネルギー,評価：その他
Test,242,7,楽曲,演奏：感情,
Test,242,8,評価：感じられ方,,
Train,243,1,演奏者,,
Train,243,2,演奏者,楽曲,
Train,243,3,演奏：スタイル・理解,演奏：コミュニケーション,評価：その他
Train,243,4,演奏：スタイル・理解,,
Train,243,5,演奏：スタイル・理解,,
Train,243,6,演奏：スタイル・理解,演奏：キャラクター・音色,評価：感じられ方
Dev,244,1,楽曲,,
Dev,244,2,楽曲,,
Dev,244,3,演奏者,,
Dev,244,4,演奏：スタイル・理解,評価：感じられ方,
Dev,244,5,演奏：スタイル・理解,評価：感じられ方,評価：その他
Train,245,1,録音の背景,,
Train,245,2,楽曲,,
Train,245,3,楽曲,演奏：スタイル・理解,
Train,245,4,演奏：音量的特徴,演奏：構造,評価：感じられ方
Train,245,5,楽曲,演奏：スタイル・理解,
Train,245,6,評価：感じられ方,,
Train,246,1,楽曲,,
Train,246,2,演奏者,楽器,
Train,246,3,楽器,,
Train,246,4,演奏：スタイル・理解,楽曲,
Train,246,5,その他,,
Train,247,1,演奏者,録音の背景,
Train,247,2,楽曲,,
Train,247,3,楽曲,,
Train,247,4,演奏：キャラクター・音色,演奏：スタイル・理解,
Train,247,5,評価：その他,,
Test,248,1,楽器,,
Test,248,2,楽器,楽曲,
Test,248,3,演奏：スタイル・理解,評価：感じられ方,
Test,248,4,演奏：感情,演奏：スタイル・理解,
Test,248,5,評価：感じられ方,,
Test,248,6,演奏：キャラクター・音色,評価：その他,
Train,249,1,演奏者,,
Train,249,2,演奏者,録音の背景,
Train,249,3,楽曲,評価：感じられ方,
Train,249,4,楽曲,演奏：キャラクター・音色,演奏：感情
Train,249,5,楽曲,演奏：感情,評価：感じられ方
Train,250,1,演奏者,,
Train,250,2,その他,,
Train,250,3,その他,,
Train,250,4,演奏：キャラクター・音色,演奏：コミュニケーション,
Train,250,5,評価：その他,,
Train,251,1,録音の背景,,
Train,251,2,楽曲,演奏者,
Train,251,3,演奏：キャラクター・音色,楽器,
Train,251,4,演奏：キャラクター・音色,演奏：スタイル・理解,評価：その他
Dev,252,1,演奏者,,
Dev,252,2,演奏者,,
Dev,252,3,録音の背景,,
Dev,252,4,楽曲,,
Dev,252,5,演奏：キャラクター・音色,,
Dev,252,6,評価：その他,,
Dev,252,7,録音の背景,楽曲,演奏：キャラクター・音色
Test,253,1,演奏者,録音の背景,
Test,253,2,楽曲,演奏：感情,演奏：キャラクター・音色
Test,253,3,演奏：構造,,
Test,253,4,演奏：感情,評価：感じられ方,
Test,254,1,録音の背景,,
Test,254,2,楽曲,,
Test,254,3,楽器,演奏：スタイル・理解,評価：感じられ方
Test,254,4,楽器,,
Test,254,5,楽曲,,
Test,254,6,楽曲,,
Test,254,7,楽曲,演奏：スタイル・理解,
Test,254,8,楽曲,,
Test,254,9,演奏：構造,,
Test,254,10,演奏：スタイル・理解,評価：感じられ方,
Train,255,1,演奏者,,
Train,255,2,録音の背景,,
Train,255,3,演奏：キャラクター・音色,評価：感じられ方,
Train,255,4,演奏：キャラクター・音色,,
Train,255,5,楽曲,,
Train,255,6,楽曲,評価：感じられ方,
Train,255,7,演奏：スタイル・理解,,
Train,255,8,評価：感じられ方,,
Train,256,1,演奏：エネルギー,評価：その他,
Train,256,2,演奏者,,
Train,256,3,録音の背景,,
Train,256,4,演奏：スタイル・理解,,
Train,256,5,演奏：時間的特徴,,
Train,256,6,演奏：技術,評価：その他,
Train,257,1,演奏者,,
Train,257,2,演奏者,,
Train,257,3,録音の背景,楽曲,
Train,257,4,演奏：キャラクター・音色,,
Train,257,5,楽器,演奏：キャラクター・音色,
Train,257,6,演奏：感情,演奏：コミュニケーション,
Train,258,1,演奏者,録音の背景,
Train,258,2,楽曲,,
Train,258,3,楽曲,,
Train,259,1,演奏者,,
Train,259,2,演奏者,,
Train,259,3,楽曲,,
Train,259,4,演奏：時間的特徴,演奏：スタイル・理解,
Train,259,5,演奏：スタイル・理解,,
Train,260,1,録音の背景,演奏：構造,楽曲
Train,260,2,演奏：スタイル・理解,,
Train,260,3,楽曲,,
Train,260,4,楽曲,,
Train,260,5,評価：対比,,
Test,261,1,演奏者,録音の背景,
Test,261,2,演奏：スタイル・理解,評価：感じられ方,
Test,261,3,演奏：技術,演奏：キャラクター・音色,演奏：コミュニケーション
Test,261,4,評価：その他,,
Test,261,5,演奏：時間的特徴,,
Test,261,6,演奏：感情,,
Test,261,7,演奏：構造,評価：その他,
Dev,262,1,演奏者,,
Dev,262,2,録音の背景,楽曲,
Dev,262,3,演奏：構造,演奏：キャラクター・音色,演奏：スタイル・理解
Train,263,1,録音の背景,,
Train,263,2,演奏者,,
Train,263,3,演奏者,,
Train,263,4,演奏：キャラクター・音色,演奏：スタイル・理解,
Train,263,5,演奏者,評価：感じられ方,
Train,263,6,評価：その他,,
Train,264,1,演奏者,,
Train,264,2,楽曲,,
Train,264,3,演奏：技術,演奏：スタイル・理解,評価：感じられ方
Train,264,4,評価：その他,,
Train,265,1,演奏者,,
Train,265,2,その他,,
Train,265,3,録音の背景,,
Train,265,4,演奏：構造,演奏：キャラクター・音色,演奏：スタイル・理解
Train,265,5,評価：感じられ方,,
Train,265,6,演奏：スタイル・理解,,
Train,265,7,評価：その他,,
Test,266,1,録音の背景,楽曲,
Test,266,2,楽曲,,
Test,266,3,楽曲,,
Test,266,4,楽曲,,
Test,266,5,評価：感じられ方,評価：その他,
Train,267,1,演奏：感情,評価：感じられ方,
Train,267,2,演奏者,,
Train,267,3,録音の背景,楽曲,
Train,267,4,演奏：スタイル・理解,評価：感じられ方,
Train,267,5,演奏者,,
Train,267,6,演奏：キャラクター・音色,演奏：スタイル・理解,評価：感じられ方
Dev,268,1,演奏者,録音の背景,
Dev,268,2,録音の背景,,
Dev,268,3,録音の背景,,
Dev,268,4,楽曲,,
Dev,268,5,演奏：スタイル・理解,演奏：エネルギー,
Dev,268,6,楽曲,,
Train,269,1,演奏者,録音の背景,
Train,269,2,楽曲,,
Train,269,3,楽器,,
Train,269,4,演奏：スタイル・理解,,
Train,269,5,評価：感じられ方,,
Train,269,6,演奏：コミュニケーション,,
Test,270,1,その他,,
Test,270,2,演奏者,演奏：コミュニケーション,演奏：キャラクター・音色
Test,270,3,演奏：アーティキュレーション,演奏：キャラクター・音色,
Test,270,4,演奏：スタイル・理解,評価：その他,
Test,270,5,演奏：スタイル・理解,,
Test,270,6,評価：その他,,
Train,271,1,楽曲,,
Train,271,2,楽曲,,
Train,271,3,楽曲,,
Train,271,4,演奏者,演奏：コミュニケーション,
Dev,272,1,演奏者,録音の背景,
Dev,272,2,録音の背景,,
Dev,272,3,演奏者,,
Dev,272,4,演奏：構造,演奏：キャラクター・音色,演奏：コミュニケーション
Dev,272,5,演奏：キャラクター・音色,演奏：コミュニケーション,
Train,273,1,評価：真正性,,
Train,273,2,演奏：スタイル・理解,演奏：キャラクター・音色,評価：感じられ方
Train,273,3,録音の背景,演奏：スタイル・理解,評価：感じられ方
Train,273,4,評価：その他,,
Train,273,5,楽器,演奏：スタイル・理解,
Train,274,1,楽曲,,
Train,274,2,楽曲,,
Train,274,3,演奏：スタイル・理解,,
Train,274,4,評価：感じられ方,楽曲,
Train,274,5,楽曲,,
Train,274,6,評価：その他,,
Train,275,1,楽曲,演奏者,
Train,275,2,録音の背景,楽曲,
Train,275,3,楽曲,,
Train,275,4,演奏：スタイル・理解,演奏：キャラクター・音色,
Train,275,5,楽曲,演奏：技術,評価：感じられ方
Train,276,1,演奏者,,
Train,276,2,録音の背景,,
Train,276,3,楽曲,,
Train,276,4,楽曲,,
Train,276,5,演奏：スタイル・理解,,
Train,276,6,楽器,演奏：構造,
Train,277,1,録音の背景,,
Train,277,2,録音の背景,楽曲,
Train,277,3,楽曲,,
Train,277,4,楽曲,,
Train,277,5,演奏：キャラクター・音色,評価：その他,
Train,277,6,演奏：その他,評価：その他,
Train,278,1,演奏者,,
Train,278,2,演奏者,,
Train,278,3,演奏者,演奏：コミュニケーション,
Train,278,4,演奏：キャラクター・音色,演奏：スタイル・理解,
Train,278,5,演奏：キャラクター・音色,演奏：構造,
Train,278,6,楽曲,演奏：構造,
Train,278,7,評価：真正性,,
Test,279,1,評価：感じられ方,,
Test,279,2,録音の背景,楽器,
Test,279,3,録音の背景,,
Test,279,4,評価：感じられ方,評価：その他,
Train,280,1,演奏者,録音の背景,
Train,280,2,演奏者,,
Train,280,3,楽曲,,
Train,280,4,評価：感じられ方,,
Train,280,5,演奏：キャラクター・音色,演奏：エネルギー,
Train,280,6,評価：その他,評価：感じられ方,
Dev,281,1,演奏：スタイル・理解,録音の背景,
Dev,281,2,録音の背景,,
Dev,281,3,楽曲,,
Dev,281,4,演奏：エネルギー,演奏：技術,評価：感じられ方
Dev,281,5,演奏：キャラクター・音色,評価：その他,
Train,282,1,演奏：スタイル・理解,,
Train,282,2,演奏者,,
Train,282,3,録音の背景,演奏者,演奏：キャラクター・音色
Train,282,4,演奏：スタイル・理解,評価：感じられ方,楽曲
Train,282,5,録音の背景,,
Train,282,6,演奏：スタイル・理解,,
Dev,283,1,演奏者,録音の背景,
Dev,283,2,演奏者,演奏：スタイル・理解,
Dev,283,3,演奏：キャラクター・音色,演奏：構造,評価：感じられ方
Dev,283,4,演奏：キャラクター・音色,,
Train,284,1,演奏者,,
Train,284,2,演奏者,録音の背景,楽曲
Train,284,3,楽曲,,
Train,284,4,楽曲,評価：その他,評価：感じられ方
Test,285,1,演奏者,,
Test,285,2,演奏者,,
Test,285,3,演奏者,,
Test,285,4,演奏：感情,評価：その他,
Test,285,5,楽曲,演奏：キャラクター・音色,
Test,285,6,演奏：スタイル・理解,,
Test,285,7,演奏：キャラクター・音色,演奏：感情,
Test,285,8,評価：その他,,
Test,286,1,演奏者,楽器,
Test,286,2,評価：その他,,
Test,286,3,演奏者,演奏：スタイル・理解,演奏：キャラクター・音色
Test,286,4,録音の背景,評価：感じられ方,
Test,286,5,評価：感じられ方,,
Dev,287,1,演奏者,,
Dev,287,2,演奏者,,
Dev,287,3,楽曲,演奏：スタイル・理解,
Dev,287,4,演奏：キャラクター・音色,演奏：感情,
Dev,287,5,演奏：スタイル・理解,評価：その他,
Train,288,1,録音の背景,,
Train,288,2,演奏者,楽曲,
Train,288,3,楽曲,,
Train,288,4,演奏：キャラクター・音色,演奏：感情,評価：感じられ方
Train,288,5,その他,,
Train,289,1,録音の背景,,
Train,289,2,演奏：キャラクター・音色,,
Train,289,3,演奏：スタイル・理解,,
Train,289,4,演奏：キャラクター・音色,演奏：エネルギー,
Train,289,5,楽曲,評価：その他,評価：感じられ方
Test,290,1,録音の背景,,
Test,290,2,楽器,評価：感じられ方,
Test,290,3,評価：その他,楽曲,
Dev,291,1,演奏者,,
Dev,291,2,楽曲,,
Dev,291,3,楽曲,,
Dev,291,4,評価：その他,,
Dev,291,5,演奏：キャラクター・音色,,
Dev,291,6,楽曲,評価：その他,
Dev,291,7,演奏：スタイル・理解,,
Dev,292,1,演奏者,,
Dev,292,2,演奏者,,
Dev,292,3,演奏者,,
Dev,292,4,演奏者,,
Dev,292,5,演奏者,,
Dev,292,6,演奏者,,
Dev,292,7,録音の背景,,
Dev,292,8,演奏：キャラクター・音色,,
Dev,292,9,演奏：技術,,
Dev,292,10,評価：感じられ方,,
Train,293,1,演奏者,録音の背景,
Train,293,2,演奏：スタイル・理解,評価：その他,
Train,293,3,演奏：キャラクター・音色,評価：感じられ方,
Train,293,4,演奏：構造,,
Train,293,5,演奏：コミュニケーション,,
Train,293,6,楽曲,評価：その他,
Train,293,7,評価：その他,,
Train,294,1,楽曲,,
Train,294,2,楽曲,その他,
Train,294,3,楽曲,,
Train,294,4,楽曲,,
Train,294,5,評価：その他,,
Train,295,1,演奏者,楽曲,
Train,295,2,楽器,,
Train,295,3,演奏：アーティキュレーション,,
Train,295,4,楽器,演奏：技術,
Train,295,5,楽器,,
Train,295,6,評価：その他,,
Train,296,1,演奏者,録音の背景,楽曲
Train,296,2,楽曲,,
Train,296,3,楽曲,演奏：コミュニケーション,
Train,296,4,楽曲,評価：感じられ方,
Test,297,1,楽曲,録音の背景,
Test,297,2,楽曲,演奏：構造,演奏：感情
Test,297,3,楽曲,,
Test,297,4,楽曲,,
Test,297,5,評価：その他,,
Train,298,1,演奏者,楽曲,
Train,298,2,楽曲,評価：その他,
Train,298,3,演奏：キャラクター・音色,,
Train,298,4,演奏：スタイル・理解,評価：感じられ方,
Train,298,5,演奏者,評価：感じられ方,
Train,299,1,演奏者,,
Train,299,2,楽曲,,
Train,299,3,楽曲,,
Train,300,1,演奏者,,
Train,300,2,楽曲,録音の背景,
Train,300,3,楽曲,,
Train,300,4,演奏：キャラクター・音色,演奏：感情,
Train,300,5,演奏：キャラクター・音色,,
Train,300,6,演奏：キャラクター・音色,,
Train,300,7,演奏：キャラクター・音色,演奏：コミュニケーション,
Train,301,1,演奏者,楽曲,
Train,301,2,楽器,演奏：構造,演奏：スタイル・理解
Train,301,3,評価：感じられ方,,
Train,301,4,演奏：キャラクター・音色,演奏：技術,演奏：エネルギー
Train,301,5,演奏：スタイル・理解,評価：その他,
Train,302,1,録音の背景,,
Train,302,2,楽曲,,
Train,302,3,楽曲,,
Train,302,4,その他,,
Dev,303,1,演奏者,録音の背景,
Dev,303,2,楽曲,,
Dev,303,3,その他,,
Dev,303,4,演奏：リズム,演奏：構造,演奏：キャラクター・音色
Dev,303,5,評価：対比,評価：その他,
Dev,303,6,評価：感じられ方,,
Train,304,1,演奏者,録音の背景,
Train,304,2,演奏：その他,,
Train,304,3,演奏者,演奏：コミュニケーション,
Train,304,4,演奏：キャラクター・音色,演奏：スタイル・理解,評価：その他
Dev,305,1,録音の背景,,
Dev,305,2,楽曲,,
Dev,305,3,演奏：キャラクター・音色,演奏：時間的特徴,演奏：感情
Dev,305,4,演奏：構造,評価：感じられ方,
Dev,305,5,演奏：スタイル・理解,評価：その他,
Train,306,1,演奏者,,
Train,306,2,演奏者,,
Train,306,3,楽器,演奏：スタイル・理解,評価：感じられ方
Train,306,4,楽曲,演奏：キャラクター・音色,
Train,306,5,評価：感じられ方,,
Train,307,1,演奏者,楽曲,
Train,307,2,演奏：スタイル・理解,,
Train,307,3,演奏：キャラクター・音色,評価：感じられ方,
Train,307,4,演奏：技術,,
Train,307,5,演奏：キャラクター・音色,,
Train,308,1,演奏者,,
Train,308,2,楽曲,,
Train,308,3,楽曲,演奏：キャラクター・音色,評価：その他
Train,308,4,楽曲,評価：その他,
Train,309,1,演奏者,録音の背景,
Train,309,2,楽器,演奏：キャラクター・音色,評価：真正性
Train,309,3,評価：感じられ方,,
Train,309,4,演奏：構造,評価：感じられ方,
Train,309,5,評価：感じられ方,演奏：スタイル・理解,
Test,310,1,録音の背景,,
Test,310,2,演奏者,,
Test,310,3,その他,,
Test,310,4,評価：感じられ方,,
Train,311,1,楽曲,評価：感じられ方,
Train,311,2,演奏者,,
Train,311,3,楽曲,演奏：技術,評価：感じられ方
Train,311,4,演奏：その他,,
Train,311,5,楽曲,,
Train,311,6,その他,,
Dev,312,1,演奏者,,
Dev,312,2,録音の背景,,
Dev,312,3,楽曲,演奏：技術,演奏：キャラクター・音色
Dev,312,4,演奏：スタイル・理解,評価：その他,
Dev,312,5,演奏：スタイル・理解,評価：感じられ方,
Dev,313,1,録音の背景,,
Dev,313,2,楽曲,,
Dev,313,3,楽曲,録音の背景,
Dev,313,4,録音の背景,,
Dev,313,5,演奏：スタイル・理解,,
Dev,313,6,その他,,
Dev,313,7,楽曲,演奏：感情,評価：感じられ方
Dev,313,8,評価：その他,,
Train,314,1,演奏者,録音の背景,楽曲
Train,314,2,演奏：キャラクター・音色,,
Train,314,3,演奏：キャラクター・音色,,
Train,314,4,演奏：キャラクター・音色,演奏：技術,演奏：コミュニケーション
Train,314,5,評価：その他,,
Train,315,1,楽曲,,
Train,315,2,楽器,演奏：スタイル・理解,
Train,315,3,演奏：スタイル・理解,,
Train,315,4,演奏者,録音の背景,
Train,315,5,演奏：スタイル・理解,,
Train,315,6,演奏：スタイル・理解,演奏：キャラクター・音色,
Train,316,1,演奏者,録音の背景,
Train,316,2,楽曲,,
Train,316,3,楽曲,,
Train,316,4,楽曲,,
Train,316,5,評価：その他,,
Train,316,6,演奏：キャラクター・音色,演奏者,評価：感じられ方
Train,316,7,演奏：技術,,
Train,317,1,演奏者,楽曲,
Train,317,2,楽曲,,
Train,317,3,演奏：スタイル・理解,演奏：キャラクター・音色,
Train,317,4,演奏：感情,楽曲,演奏：スタイル・理解
Train,317,5,楽曲,評価：その他,
Train,318,1,演奏者,,
Train,318,2,演奏者,,
Train,318,3,録音の背景,,
Train,318,4,楽曲,評価：感じられ方,
Train,318,5,評価：その他,,
Train,319,1,その他,,
Train,319,2,評価：感じられ方,,
Train,319,3,演奏：キャラクター・音色,演奏：エネルギー,
Train,319,4,演奏者,,
Train,319,5,演奏：キャラクター・音色,演奏：時間的特徴,
Train,319,6,演奏：キャラクター・音色,評価：その他,
Train,319,7,楽曲,演奏：キャラクター・音色,評価：感じられ方
Test,320,1,録音の背景,,
Test,320,2,録音の背景,評価：感じられ方,
Test,320,3,評価：感じられ方,演奏：技術,
Test,320,4,演奏：コミュニケーション,演奏：スタイル・理解,
Test,320,5,演奏：スタイル・理解,評価：その他,
Test,320,6,評価：その他,,
Test,320,7,評価：その他,,
Train,321,1,演奏者,,
Train,321,2,楽曲,評価：その他,
Train,321,3,演奏：技術,演奏：スタイル・理解,
Train,321,4,演奏：キャラクター・音色,,
Train,321,5,演奏：キャラクター・音色,,
Train,321,6,演奏：キャラクター・音色,,
Train,321,7,評価：その他,,
Train,321,8,楽曲,,
Train,322,1,演奏者,,
Train,322,2,録音の背景,,
Train,322,3,評価：感じられ方,演奏：スタイル・理解,
Train,322,4,評価：感じられ方,,
Test,323,1,演奏者,楽曲,録音の背景
Test,323,2,評価：その他,演奏：構造,演奏：リズム
Test,323,3,演奏：構造,演奏：時間的特徴,演奏：スタイル・理解
Test,323,4,評価：その他,,
Dev,324,1,演奏者,,
Dev,324,2,演奏者,演奏：エネルギー,演奏：スタイル・理解
Dev,324,3,楽曲,演奏：スタイル・理解,
Dev,324,4,演奏：構造,,
Dev,324,5,演奏：キャラクター・音色,評価：その他,
Train,325,1,録音の背景,,
Train,325,2,楽曲,,
Train,325,3,演奏：音量的特徴,,
Train,325,4,演奏：その他,,
Train,325,5,演奏：キャラクター・音色,,
Train,325,6,その他,,
Train,325,7,その他,,
Train,326,1,演奏者,録音の背景,
Train,326,2,楽曲,,
Train,326,3,演奏：キャラクター・音色,演奏：感情,評価：その他
Train,326,4,演奏：感情,演奏：キャラクター・音色,
Train,326,5,演奏：キャラクター・音色,評価：その他,
Train,326,6,演奏：キャラクター・音色,評価：その他,
Train,327,1,その他,,
Train,327,2,演奏：技術,,
Train,327,3,演奏：技術,,
Train,327,4,演奏：スタイル・理解,,
Train,327,5,演奏：スタイル・理解,演奏：キャラクター・音色,
Train,327,6,演奏：構造,,
Train,327,7,楽曲,演奏：感情,
Train,327,8,評価：感じられ方,,
Train,328,1,演奏者,録音の背景,
Train,328,2,楽曲,,
Train,328,3,演奏：キャラクター・音色,,
Train,328,4,演奏：キャラクター・音色,,
Train,328,5,楽曲,演奏：構造,評価：感じられ方
Train,328,6,評価：その他,,
Dev,329,1,楽曲,演奏者,
Dev,329,2,録音の背景,,
Dev,329,3,演奏：キャラクター・音色,演奏者,演奏：構造
Dev,329,4,楽曲,演奏：スタイル・理解,評価：その他
Train,330,1,その他,,
Train,330,2,楽曲,,
Train,330,3,楽曲,,
Train,330,4,楽曲,,
Train,330,5,楽曲,演奏：スタイル・理解,
Train,330,6,その他,,
Train,331,1,演奏者,,
Train,331,2,録音の背景,,
Train,331,3,楽曲,,
Train,331,4,楽曲,評価：感じられ方,
Train,331,5,評価：感じられ方,,
Dev,332,1,演奏者,,
Dev,332,2,録音の背景,,
Dev,332,3,演奏：感情,演奏：スタイル・理解,
Dev,332,4,演奏：キャラクター・音色,演奏：構造,評価：感じられ方
Dev,332,5,演奏：感情,,
Train,333,1,評価：その他,,
Train,333,2,楽器,,
Train,333,3,演奏者,演奏：スタイル・理解,
Train,333,4,演奏：感情,評価：その他,
Train,333,5,楽曲,演奏：技術,
Train,333,6,評価：感じられ方,,
Train,334,1,演奏：スタイル・理解,,
Train,334,2,演奏者,,
Train,334,3,演奏：スタイル・理解,評価：真正性,
Train,334,4,演奏：構造,演奏：アーティキュレーション,評価：その他
Train,334,5,評価：その他,,
Train,334,6,演奏：構造,,
Train,335,1,録音の背景,,
Train,335,2,録音の背景,,
Train,335,3,演奏：構造,,
Train,335,4,楽器,評価：感じられ方,
Train,335,5,評価：感じられ方,,
Train,335,6,演奏：スタイル・理解,演奏：コミュニケーション,演奏：キャラクター・音色
Train,335,7,演奏：キャラクター・音色,評価：真正性,
Test,336,1,録音の背景,,
Test,336,2,演奏：技術,演奏：コミュニケーション,評価：真正性
Test,336,3,評価：感じられ方,,
Test,336,4,評価：その他,,
Test,337,1,演奏者,,
Test,337,2,演奏：スタイル・理解,評価：その他,
Test,337,3,演奏：時間的特徴,演奏：スタイル・理解,
Test,337,4,評価：その他,,
Test,337,5,評価：その他,演奏：感情,
Test,337,6,演奏：キャラクター・音色,,
Train,338,1,演奏者,録音の背景,
Train,338,2,演奏者,楽曲,
Train,338,3,楽曲,演奏：スタイル・理解,評価：その他
Train,338,4,楽曲,評価：その他,
Train,339,1,演奏者,楽曲,
Train,339,2,楽曲,演奏：感情,評価：感じられ方
Train,339,3,評価：その他,,
Train,339,4,演奏：キャラクター・音色,,
Train,339,5,楽器,評価：感じられ方,
Train,339,6,演奏：感情,評価：その他,
Train,339,7,演奏：構造,演奏：コミュニケーション,評価：その他
Train,340,1,その他,,
Train,340,2,演奏者,,
Train,340,3,楽曲,,
Train,340,4,演奏：キャラクター・音色,,
Train,340,5,演奏：スタイル・理解,,
Train,340,6,演奏：スタイル・理解,評価：感じられ方,
Test,341,1,録音の背景,,
Test,341,2,楽曲,,
Test,341,3,評価：その他,楽曲,演奏：技術
Test,341,4,演奏者,,
Dev,342,1,演奏者,,
Dev,342,2,録音の背景,,
Dev,342,3,演奏：キャラクター・音色,評価：感じられ方,
Dev,342,4,演奏：キャラクター・音色,演奏：構造,
Train,343,1,録音の背景,楽曲,
Train,343,2,演奏：キャラクター・音色,,
Train,343,3,演奏：その他,,
Train,343,4,演奏：スタイル・理解,,
Train,343,5,演奏：その他,,
Train,343,6,その他,,
Train,343,7,楽曲,,
Dev,344,1,録音の背景,演奏者,楽曲
Dev,344,2,録音の背景,,
Dev,344,3,演奏：スタイル・理解,,
Dev,344,4,その他,,
Dev,344,5,演奏：キャラクター・音色,評価：その他,
Dev,344,6,評価：感じられ方,,
Train,345,1,演奏者,録音の背景,
Train,345,2,楽曲,,
Train,345,3,楽曲,演奏：キャラクター・音色,
Train,345,4,楽曲,評価：その他,
Train,346,1,録音の背景,,
Train,346,2,楽曲,その他,
Train,346,3,演奏：エネルギー,評価：感じられ方,
Train,346,4,演奏：コミュニケーション,演奏：スタイル・理解,
Train,346,5,評価：感じられ方,,
Train,347,1,演奏者,,
Train,347,2,楽曲,,
Train,347,3,演奏：スタイル・理解,,
Train,347,4,楽曲,,
Train,347,5,評価：その他,演奏：時間的特徴,
Train,347,6,評価：その他,,
Train,347,7,評価：その他,演奏：技術,
Dev,348,1,演奏：キャラクター・音色,,
Dev,348,2,演奏者,録音の背景,
Dev,348,3,録音の背景,評価：その他,演奏：スタイル・理解
Dev,348,4,演奏：スタイル・理解,演奏：キャラクター・音色,
Dev,348,5,評価：その他,,
Train,349,1,その他,,
Train,349,2,その他,,
Train,349,3,楽曲,,
Train,349,4,演奏：キャラクター・音色,演奏：時間的特徴,
Train,349,5,演奏：コミュニケーション,評価：感じられ方,
Train,349,6,演奏者,,
Train,349,7,演奏：スタイル・理解,評価：感じられ方,
Dev,350,1,演奏者,,
Dev,350,2,演奏者,,
Dev,350,3,演奏：キャラクター・音色,演奏：構造,評価：感じられ方
Dev,350,4,評価：その他,,
Dev,350,5,演奏：構造,演奏：時間的特徴,演奏：キャラクター・音色
Train,351,1,演奏者,,
Train,351,2,演奏者,録音の背景,
Train,351,3,演奏：感情,演奏：キャラクター・音色,
Train,351,4,楽曲,,
Train,351,5,演奏：スタイル・理解,演奏：コミュニケーション,
Train,351,6,演奏：コミュニケーション,,
Train,352,1,演奏者,,
Train,352,2,演奏：スタイル・理解,評価：感じられ方,
Train,352,3,評価：感じられ方,楽曲,
Train,352,4,演奏者,演奏：キャラクター・音色,
Train,352,5,評価：感じられ方,,
Train,352,6,評価：感じられ方,,
Train,353,1,演奏者,,
Train,353,2,演奏：時間的特徴,演奏：構造,演奏：アーティキュレーション
Train,353,3,演奏：技術,評価：その他,
Train,353,4,演奏：構造,演奏：キャラクター・音色,演奏：コミュニケーション
Train,353,5,演奏：リズム,評価：その他,
Train,353,6,演奏：キャラクター・音色,評価：その他,
Train,354,1,録音の背景,評価：感じられ方,
Train,354,2,楽曲,評価：感じられ方,
Train,354,3,楽曲,,
Train,354,4,楽曲,,
Train,355,1,演奏者,演奏：キャラクター・音色,
Train,355,2,演奏：キャラクター・音色,,
Train,355,3,演奏者,録音の背景,
Train,355,4,演奏：スタイル・理解,,
Train,355,5,演奏：スタイル・理解,,
Train,355,6,その他,,
Train,356,1,演奏者,楽曲,評価：その他
Train,356,2,楽曲,演奏：感情,評価：その他
Train,356,3,楽曲,演奏：構造,評価：感じられ方
Train,356,4,演奏：構造,評価：その他,
Train,356,5,楽曲,演奏：キャラクター・音色,評価：その他
Train,356,6,演奏：技術,評価：その他,
Dev,357,1,楽曲,,
Dev,357,2,演奏者,楽曲,演奏：スタイル・理解
Dev,357,3,楽曲,演奏：スタイル・理解,録音の背景
Dev,357,4,演奏：スタイル・理解,評価：感じられ方,
Train,358,1,評価：感じられ方,,
Train,358,2,演奏：キャラクター・音色,評価：感じられ方,
Train,358,3,評価：感じられ方,,
Train,358,4,評価：感じられ方,演奏：キャラクター・音色,演奏：構造
Train,358,5,演奏：構造,演奏：スタイル・理解,評価：真正性
Test,359,1,その他,楽曲,
Test,359,2,楽曲,,
Test,359,3,楽曲,,
Test,359,4,演奏：感情,,
Train,360,1,演奏者,楽曲,録音の背景
Train,360,2,楽曲,,
Train,360,3,演奏：キャラクター・音色,,
Train,360,4,演奏：キャラクター・音色,評価：感じられ方,
Train,360,5,演奏：スタイル・理解,,
Train,360,6,演奏：スタイル・理解,評価：その他,
Train,361,1,その他,演奏者,
Train,361,2,その他,,
Train,361,3,楽曲,演奏：スタイル・理解,
Train,361,4,演奏：キャラクター・音色,評価：その他,評価：感じられ方
Train,361,5,演奏：技術,演奏：スタイル・理解,
Train,361,6,評価：その他,,
Test,362,1,録音の背景,,
Test,362,2,録音の背景,,
Test,362,3,録音の背景,,
Test,362,4,評価：感じられ方,演奏：時間的特徴,演奏：音量的特徴
Test,362,5,録音の背景,演奏：技術,評価：感じられ方
Dev,363,1,演奏者,,
Dev,363,2,演奏者,,
Dev,363,3,演奏：キャラクター・音色,演奏：感情,
Dev,363,4,演奏：キャラクター・音色,演奏：時間的特徴,評価：感じられ方
Train,364,1,演奏：スタイル・理解,,
Train,364,2,演奏者,楽曲,演奏：スタイル・理解
Train,364,3,演奏：スタイル・理解,,
Train,364,4,演奏：スタイル・理解,,
Train,364,5,演奏：コミュニケーション,演奏：キャラクター・音色,
Train,365,1,その他,,
Train,365,2,楽曲,,
Train,365,3,楽曲,,
Train,365,4,楽曲,,
Train,365,5,その他,,
Train,365,6,演奏者,,
Dev,366,1,演奏者,,
Dev,366,2,演奏者,,
Dev,366,3,演奏：キャラクター・音色,演奏：技術,評価：感じられ方
Dev,366,4,演奏：技術,演奏：構造,評価：その他
Dev,366,5,評価：その他,,
Test,367,1,演奏者,録音の背景,
Test,367,2,楽曲,,
Test,367,3,評価：感じられ方,,
Test,367,4,演奏：キャラクター・音色,演奏：構造,評価：その他
Test,367,5,演奏：感情,演奏：時間的特徴,演奏：キャラクター・音色
Test,367,6,評価：その他,,
Dev,368,1,演奏者,楽曲,
Dev,368,2,演奏：キャラクター・音色,演奏：構造,評価：感じられ方
Dev,368,3,録音の背景,,
Dev,368,4,演奏：キャラクター・音色,評価：その他,
Train,369,1,演奏者,楽曲,録音の背景
Train,369,2,演奏：アーティキュレーション,演奏：構造,
Train,369,3,その他,演奏：スタイル・理解,演奏：エネルギー
Train,369,4,演奏：キャラクター・音色,評価：感じられ方,
Train,370,1,演奏者,録音の背景,
Train,370,2,演奏：エネルギー,評価：感じられ方,
Train,370,3,演奏：スタイル・理解,演奏：構造,評価：感じられ方
Train,370,4,演奏：リズム,評価：感じられ方,
Train,370,5,演奏：時間的特徴,演奏：構造,
Train,370,6,評価：感じられ方,,
Train,370,7,評価：感じられ方,,
Test,371,1,演奏者,録音の背景,
Test,371,2,演奏：スタイル・理解,評価：その他,
Test,371,3,評価：感じられ方,演奏：技術,楽曲
Test,371,4,演奏：技術,評価：感じられ方,
Test,371,5,評価：感じられ方,,
Train,372,1,演奏者,,
Train,372,2,演奏者,録音の背景,
Train,372,3,演奏：スタイル・理解,,
Train,372,4,演奏：スタイル・理解,,
Train,372,5,楽曲,,
Train,372,6,演奏：スタイル・理解,評価：その他,
Train,373,1,評価：その他,,
Train,373,2,楽曲,評価：その他,
Train,373,3,楽曲,演奏：感情,
Train,373,4,演奏：スタイル・理解,演奏：キャラクター・音色,
Train,373,5,演奏：感情,演奏：エネルギー,
Train,373,6,演奏：感情,演奏：スタイル・理解,
Train,374,1,録音の背景,,
Train,374,2,演奏：スタイル・理解,演奏：キャラクター・音色,
Train,374,3,演奏：技術,,
Train,374,4,評価：感じられ方,演奏：感情,
Train,374,5,評価：その他,,
Train,375,1,評価：その他,,
Train,375,2,楽曲,,
Train,375,3,演奏者,,
Train,375,4,楽曲,,
Train,375,5,評価：その他,,
Dev,376,1,演奏者,,
Dev,376,2,録音の背景,,
Dev,376,3,楽器,楽曲,演奏：キャラクター・音色
Dev,376,4,評価：その他,,
Dev,376,5,演奏：感情,楽曲,評価：真正性
Train,377,1,演奏者,録音の背景,評価：感じられ方
Train,377,2,演奏：構造,評価：その他,
Train,377,3,演奏：スタイル・理解,評価：感じられ方,
Train,377,4,楽曲,評価：その他,
Train,377,5,楽曲,評価：その他,
Train,378,1,評価：感じられ方,,
Train,378,2,演奏者,楽曲,
Train,378,3,録音の背景,演奏：技術,評価：感じられ方
Train,378,4,演奏：構造,評価：その他,
Train,378,5,演奏：スタイル・理解,評価：感じられ方,
Test,379,1,録音の背景,楽曲,
Test,379,2,演奏：キャラクター・音色,,
Test,379,3,演奏：構造,評価：その他,
Test,379,4,演奏：キャラクター・音色,評価：その他,
Test,379,5,楽曲,評価：その他,
Test,379,6,評価：その他,,
Test,379,7,演奏：感情,演奏：エネルギー,評価：その他
Test,379,8,演奏：キャラクター・音色,評価：その他,
Test,380,1,演奏者,録音の背景,
Test,380,2,演奏：キャラクター・音色,評価：感じられ方,
Test,380,3,演奏：コミュニケーション,,
Test,380,4,演奏：キャラクター・音色,演奏：技術,
Test,380,5,評価：感じられ方,,
Train,381,1,楽曲,,
Train,381,2,評価：その他,,
Train,381,3,楽曲,,
Train,381,4,楽曲,,
Train,381,5,楽曲,,
Train,381,6,楽曲,,
Train,381,7,楽曲,,
Dev,382,1,演奏者,録音の背景,
Dev,382,2,演奏者,,
Dev,382,3,演奏者,楽曲,演奏：キャラクター・音色
Dev,382,4,演奏：スタイル・理解,演奏：構造,
Dev,382,5,演奏：キャラクター・音色,演奏：感情,
Dev,382,6,評価：その他,,
Train,383,1,演奏者,,
Train,383,2,演奏者,録音の背景,
Train,383,3,楽曲,,
Train,383,4,楽曲,評価：感じられ方,
Train,384,1,その他,,
Train,384,2,演奏：キャラクター・音色,,
Train,384,3,演奏者,,
Train,384,4,演奏：感情,楽曲,
Train,384,5,演奏：コミュニケーション,評価：その他,
Train,384,6,評価：その他,,
Train,385,1,その他,,
Train,385,2,その他,,
Train,385,3,演奏：エネルギー,,
Train,385,4,演奏：時間的特徴,演奏：構造,
Train,385,5,演奏：構造,演奏：アーティキュレーション,評価：感じられ方
Train,385,6,評価：感じられ方,,
Dev,386,1,その他,,
Dev,386,2,その他,録音の背景,楽曲
Dev,386,3,楽曲,演奏：キャラクター・音色,
Train,387,1,演奏者,演奏：時間的特徴,
Train,387,2,演奏：キャラクター・音色,演奏：スタイル・理解,
Train,387,3,演奏：スタイル・理解,評価：その他,
Train,387,4,演奏：音量的特徴,評価：感じられ方,
Train,388,1,演奏者,録音の背景,
Train,388,2,楽曲,演奏：スタイル・理解,評価：感じられ方
Train,388,3,楽曲,,
Train,388,4,楽曲,,
Train,388,5,楽曲,,
Train,388,6,演奏：スタイル・理解,,
Train,388,7,評価：その他,,
Train,389,1,楽曲,,
Train,389,2,演奏：構造,,
Train,389,3,楽曲,,
Train,389,4,楽器,,
Train,389,5,評価：その他,,
Train,389,6,評価：感じられ方,,
Dev,390,1,演奏者,,
Dev,390,2,評価：その他,,
Dev,390,3,演奏：キャラクター・音色,演奏：技術,
Dev,390,4,演奏：キャラクター・音色,演奏：構造,演奏：感情
Test,391,1,楽曲,,
Test,391,2,楽曲,,
Test,391,3,楽曲,,
Test,391,4,楽曲,,
Test,391,5,演奏：スタイル・理解,評価：その他,
Train,392,1,演奏者,録音の背景,
Train,392,2,楽曲,,
Train,392,3,楽曲,,
Train,392,4,演奏：キャラクター・音色,評価：感じられ方,
Train,392,5,楽曲,演奏：キャラクター・音色,評価：感じられ方
Train,393,1,演奏者,,
Train,393,2,演奏者,録音の背景,
Train,393,3,録音の背景,,
Train,393,4,録音の背景,,
Train,393,5,演奏：感情,,
Train,393,6,演奏：構造,,
Train,393,7,演奏者,,
Train,393,8,演奏：感情,,
Train,393,9,演奏：コミュニケーション,,
Dev,394,1,演奏者,,
Dev,394,2,演奏者,,
Dev,394,3,演奏者,,
Dev,394,4,録音の背景,,
Dev,394,5,楽曲,演奏：キャラクター・音色,評価：感じられ方
Dev,394,6,演奏：時間的特徴,演奏：構造,
Train,395,1,演奏者,,
Train,395,2,録音の背景,楽曲,
Train,395,3,演奏：キャラクター・音色,,
Train,395,4,演奏：キャラクター・音色,評価：感じられ方,
Train,395,5,演奏者,演奏：キャラクター・音色,演奏：スタイル・理解
Dev,396,1,演奏者,,
Dev,396,2,録音の背景,楽曲,
Dev,396,3,楽曲,,
Dev,396,4,評価：その他,,
Test,397,1,演奏者,,
Test,397,2,録音の背景,楽曲,
Test,397,3,演奏：技術,演奏：キャラクター・音色,演奏：リズム
Test,397,4,評価：その他,,
Test,397,5,評価：その他,,
Test,397,6,評価：その他,,
Train,398,1,演奏者,録音の背景,
Train,398,2,演奏：キャラクター・音色,演奏：時間的特徴,評価：感じられ方
Train,398,3,楽曲,演奏：スタイル・理解,評価：その他
Train,398,4,演奏：キャラクター・音色,評価：その他,
Train,399,1,録音の背景,,
Train,399,2,楽曲,,
Train,399,3,楽曲,演奏：スタイル・理解,
Train,399,4,演奏：スタイル・理解,演奏：感情,
Train,399,5,演奏：感情,,
Train,399,6,演奏：音量的特徴,演奏：感情,
Train,399,7,評価：その他,,
Train,400,1,楽曲,,
Train,400,2,楽曲,,
Train,400,3,演奏者,録音の背景,
Train,400,4,楽器,,
Train,400,5,演奏：スタイル・理解,演奏：技術,演奏：キャラクター・音色
Train,400,6,その他,,
Train,400,7,楽曲,,
Train,400,8,演奏者,演奏：コミュニケーション,
Train,401,1,評価：その他,,
Train,401,2,録音の背景,演奏：キャラクター・音色,演奏：エネルギー
Train,401,3,演奏：エネルギー,演奏：構造,
Train,401,4,評価：感じられ方,演奏：エネルギー,評価：その他
Train,401,5,演奏：音量的特徴,評価：その他,
Train,401,6,評価：その他,,
Train,402,1,演奏者,録音の背景,
Train,402,2,演奏：時間的特徴,演奏：キャラクター・音色,演奏：構造
Train,402,3,演奏：スタイル・理解,評価：その他,
Train,402,4,評価：その他,演奏者,
Train,402,5,演奏：リズム,評価：その他,
#N/A,403,1,録音の背景,,
#N/A,403,2,楽曲,,
#N/A,403,3,演奏：キャラクター・音色,演奏：エネルギー,演奏：感情
#N/A,403,4,楽曲,演奏：技術,評価：感じられ方
#N/A,403,5,評価：その他,,
Train,404,1,楽器,演奏者,
Train,404,2,演奏者,録音の背景,
Train,404,3,演奏：時間的特徴,評価：その他,
Train,404,4,演奏者,演奏：キャラクター・音色,評価：感じられ方
Train,404,5,評価：感じられ方,,
Train,405,1,演奏者,楽曲,
Train,405,2,演奏：スタイル・理解,評価：真正性,
Train,405,3,演奏者,演奏：コミュニケーション,
Train,405,4,演奏者,演奏：キャラクター・音色,評価：その他
Train,405,5,楽曲,演奏：キャラクター・音色,評価：感じられ方
Train,405,6,評価：感じられ方,,
#N/A,406,1,演奏者,,
#N/A,406,2,楽曲,演奏：スタイル・理解,
#N/A,406,3,楽曲,評価：その他,
Dev,407,1,演奏者,,
Dev,407,2,演奏者,,
Dev,407,3,演奏：スタイル・理解,楽曲,
Dev,407,4,楽曲,演奏：スタイル・理解,評価：その他
Dev,407,5,楽器,演奏：キャラクター・音色,
Train,408,1,その他,,
Train,408,2,評価：真正性,,
Train,408,3,演奏者,録音の背景,
Train,408,4,楽曲,演奏：時間的特徴,
Train,408,5,演奏：スタイル・理解,演奏：キャラクター・音色,
Train,408,6,演奏：コミュニケーション,,
Train,408,7,楽曲,,
Train,408,8,その他,,
Train,409,1,録音の背景,,
Train,409,2,録音の背景,,
Train,409,3,演奏：キャラクター・音色,演奏：スタイル・理解,評価：感じられ方
Train,409,4,演奏：エネルギー,評価：その他,
Train,410,1,演奏者,録音の背景,
Train,410,2,楽曲,,
Train,410,3,楽曲,,
Train,410,4,演奏：スタイル・理解,評価：感じられ方,
Train,411,1,その他,,
Train,411,2,その他,,
Train,411,3,録音の背景,,
Train,411,4,演奏者,楽器,楽曲
Train,411,5,評価：真正性,演奏：技術,
Train,411,6,楽器,,
Train,412,1,演奏者,評価：感じられ方,
Train,412,2,評価：感じられ方,,
Train,412,3,評価：感じられ方,,
Train,412,4,楽曲,演奏：コミュニケーション,評価：感じられ方
Test,413,1,録音の背景,,
Test,413,2,楽曲,,
Test,413,3,評価：その他,,
Test,413,4,評価：その他,,
Test,413,5,評価：対比,演奏：構造,
Test,413,6,演奏：スタイル・理解,評価：その他,
Test,413,7,評価：その他,,
Train,414,1,演奏者,,
Train,414,2,演奏：キャラクター・音色,,
Train,414,3,演奏：構造,評価：感じられ方,
Train,414,4,演奏：スタイル・理解,演奏：キャラクター・音色,
Train,414,5,その他,,
Train,414,6,評価：その他,,
Train,415,1,演奏者,録音の背景,
Train,415,2,楽器,録音の背景,
Train,415,3,評価：その他,,
Train,415,4,評価：感じられ方,演奏：音量的特徴,
Train,415,5,演奏：キャラクター・音色,演奏：構造,評価：感じられ方
Train,415,6,評価：その他,,
Train,415,7,演奏：構造,演奏：キャラクター・音色,演奏：コミュニケーション
Train,416,1,演奏者,,
Train,416,2,録音の背景,楽曲,
Train,416,3,演奏：キャラクター・音色,,
Train,416,4,演奏：技術,演奏：キャラクター・音色,
Train,416,5,楽器,評価：感じられ方,
Train,416,6,評価：感じられ方,,
Train,417,1,評価：その他,,
Train,417,2,楽曲,,
Train,417,3,楽曲,,
Train,417,4,演奏：キャラクター・音色,演奏：エネルギー,
Train,417,5,楽曲,,
Train,417,6,評価：その他,,
Train,418,1,楽曲,,
Train,418,2,演奏者,楽曲,楽器
Train,418,3,演奏：技術,評価：その他,
Train,418,4,演奏：スタイル・理解,演奏：感情,
Train,418,5,楽曲,,
Train,418,6,楽曲,,
Train,419,1,評価：感じられ方,,
Train,419,2,演奏：技術,演奏者,
Train,419,3,演奏：キャラクター・音色,演奏：エネルギー,評価：感じられ方
Train,419,4,評価：感じられ方,評価：対比,
Train,419,5,演奏：スタイル・理解,,
Train,419,6,演奏：スタイル・理解,演奏：エネルギー,評価：感じられ方
Train,420,1,演奏者,楽曲,
Train,420,2,録音の背景,楽曲,
Train,420,3,楽曲,,
Train,420,4,楽器,,
Train,420,5,演奏：キャラクター・音色,演奏：スタイル・理解,評価：その他
Train,420,6,演奏：スタイル・理解,評価：感じられ方,
Train,421,1,録音の背景,,
Train,421,2,楽曲,,
Train,421,3,演奏：キャラクター・音色,演奏：技術,評価：その他
Train,421,4,評価：その他,,
Train,421,5,演奏：構造,演奏：コミュニケーション,
Train,421,6,演奏：技術,楽曲,
Train,422,1,演奏者,録音の背景,楽曲
Train,422,2,楽曲,その他,
Dev,423,1,演奏者,,
Dev,423,2,演奏者,楽曲,
Dev,423,3,楽曲,,
Dev,423,4,評価：その他,演奏：構造,
Test,424,1,楽曲,,
Test,424,2,楽曲,,
Test,424,3,楽曲,,
Test,424,4,演奏：構造,演奏：感情,
Test,424,5,評価：感じられ方,,
Test,424,6,評価：感じられ方,,
Train,425,1,演奏者,録音の背景,
Train,425,2,演奏：キャラクター・音色,,
Train,425,3,演奏：時間的特徴,評価：感じられ方,
Train,425,4,評価：その他,演奏：キャラクター・音色,演奏：エネルギー
Train,425,5,楽曲,評価：その他,
Train,425,6,楽曲,評価：その他,
Dev,426,1,演奏者,,
Dev,426,2,演奏者,演奏：スタイル・理解,
Dev,426,3,評価：その他,,
Dev,426,4,楽曲,演奏：スタイル・理解,演奏：感情
Dev,426,5,演奏：キャラクター・音色,評価：その他,
Dev,426,6,演奏：キャラクター・音色,演奏：スタイル・理解,
Train,427,1,楽曲,評価：その他,
Train,427,2,楽曲,,
Train,427,3,楽曲,,
Train,427,4,評価：その他,評価：感じられ方,
Train,427,5,演奏：キャラクター・音色,演奏：構造,評価：真正性
Train,427,6,その他,,
Train,427,7,評価：その他,,
Test,428,1,評価：その他,,
Test,428,2,演奏者,楽曲,
Test,428,3,楽曲,録音の背景,
Test,428,4,楽曲,,
Test,428,5,評価：その他,演奏：技術,
Test,428,6,その他,,
Train,429,1,楽曲,録音の背景,
Train,429,2,その他,,
Train,429,3,演奏：感情,演奏：スタイル・理解,評価：感じられ方
Train,429,4,演奏：構造,演奏：スタイル・理解,
Train,429,5,楽曲,演奏：スタイル・理解,評価：その他
Train,429,6,評価：感じられ方,,
Train,430,1,楽器,,
Train,430,2,楽器,,
Train,430,3,演奏者,,
Train,430,4,楽曲,,
Train,430,5,演奏：スタイル・理解,,
Train,430,6,演奏：キャラクター・音色,,
Train,430,7,演奏：技術,演奏：スタイル・理解,
Train,431,1,楽曲,,
Train,431,2,楽曲,,
Train,431,3,楽曲,,
Train,431,4,評価：その他,,
Train,431,5,演奏：感情,演奏：技術,
Train,431,6,評価：感じられ方,,
Train,432,1,録音の背景,,
Train,432,2,演奏者,録音の背景,
Train,432,3,楽曲,評価：感じられ方,
Test,433,1,評価：感じられ方,,
Test,433,2,演奏：技術,演奏：スタイル・理解,演奏：構造
Test,433,3,演奏：構造,評価：その他,
Test,433,4,楽曲,演奏：構造,演奏：スタイル・理解
Test,433,5,評価：感じられ方,演奏：スタイル・理解,
Train,434,1,演奏者,,
Train,434,2,演奏者,,
Train,434,3,録音の背景,,
Train,434,4,楽曲,,
Train,434,5,演奏：コミュニケーション,演奏：スタイル・理解,
Train,435,1,楽曲,,
Train,435,2,演奏者,録音の背景,
Train,435,3,演奏：構造,演奏：キャラクター・音色,
Train,435,4,評価：感じられ方,演奏：キャラクター・音色,演奏：コミュニケーション
Train,435,5,評価：感じられ方,,
Train,436,1,楽曲,演奏者,
Train,436,2,演奏：スタイル・理解,演奏：キャラクター・音色,演奏：感情
Train,436,3,楽曲,評価：感じられ方,
Train,436,4,その他,,
Train,437,1,録音の背景,,
Train,437,2,評価：その他,,
Train,437,3,評価：その他,評価：感じられ方,
Train,437,4,評価：その他,,
Train,437,5,評価：その他,,
Train,438,1,その他,,
Train,438,2,楽曲,,
Train,438,3,演奏：スタイル・理解,演奏：キャラクター・音色,
Train,438,4,楽曲,演奏：時間的特徴,
Train,438,5,演奏：構造,,
Train,438,6,演奏：キャラクター・音色,,
Train,438,7,評価：その他,,
Test,439,1,演奏者,,
Test,439,2,演奏：スタイル・理解,,
Test,439,3,演奏：時間的特徴,演奏：構造,
Test,439,4,演奏：キャラクター・音色,,
Test,439,5,演奏：時間的特徴,演奏：スタイル・理解,
Train,440,1,評価：対比,,
Train,440,2,演奏：アーティキュレーション,演奏：リズム,演奏：時間的特徴
Train,440,3,演奏：キャラクター・音色,,
Train,440,4,演奏者,,
Train,440,5,演奏者,楽器,録音の背景
Train,440,6,評価：感じられ方,,
Train,440,7,評価：感じられ方,,
Train,441,1,評価：感じられ方,,
Train,441,2,楽曲,,
Train,441,3,楽曲,,
Train,441,4,楽曲,,
Train,441,5,楽曲,,
Train,441,6,楽曲,,
Train,441,7,演奏：技術,,
Train,441,8,楽曲,演奏：スタイル・理解,評価：感じられ方
Train,442,1,演奏者,録音の背景,
Train,442,2,楽曲,評価：その他,
Train,442,3,演奏：キャラクター・音色,演奏：感情,評価：感じられ方
Train,442,4,その他,評価：感じられ方,
Train,443,1,録音の背景,,
Train,443,2,演奏：キャラクター・音色,評価：感じられ方,
Train,443,3,演奏者,演奏：コミュニケーション,
Train,443,4,演奏者,,
Train,443,5,評価：真正性,評価：感じられ方,演奏：感情
Train,443,6,演奏：キャラクター・音色,,
Test,444,1,演奏者,,
Test,444,2,評価：対比,演奏：スタイル・理解,評価：感じられ方
Test,444,3,評価：感じられ方,,
Test,444,4,演奏：スタイル・理解,,
Test,444,5,評価：その他,,
Train,445,1,楽曲,,
Train,445,2,楽曲,,
Train,445,3,楽曲,,
Train,445,4,演奏：技術,評価：感じられ方,
Train,445,5,録音の背景,評価：その他,
Train,446,1,録音の背景,,
Train,446,2,演奏者,録音の背景,
Train,446,3,楽曲,,
Train,446,4,評価：感じられ方,演奏：スタイル・理解,評価：その他
Train,446,5,その他,評価：その他,
Dev,447,1,演奏者,,
Dev,447,2,演奏者,演奏：キャラクター・音色,演奏：スタイル・理解
Dev,447,3,楽曲,評価：感じられ方,
Dev,447,4,演奏：スタイル・理解,評価：その他,
Train,448,1,演奏者,,
Train,448,2,楽器,楽曲,録音の背景
Train,448,3,楽曲,,
Train,448,4,楽器,演奏：アーティキュレーション,
Train,448,5,演奏：キャラクター・音色,,
Train,449,1,その他,,
Train,449,2,演奏：スタイル・理解,,
Train,449,3,楽曲,,
Train,449,4,演奏：技術,,
Train,450,1,演奏者,,
Train,450,2,演奏者,,
Train,450,3,録音の背景,演奏者,演奏：スタイル・理解
Train,450,4,演奏：スタイル・理解,評価：その他,
Train,450,5,演奏：時間的特徴,演奏：キャラクター・音色,評価：その他
Test,451,1,演奏者,録音の背景,
Test,451,2,評価：その他,,
Test,451,3,楽曲,演奏：キャラクター・音色,演奏：スタイル・理解
Test,451,4,評価：感じられ方,,
Train,452,1,演奏者,録音の背景,
Train,452,2,録音の背景,,
Train,452,3,楽曲,評価：感じられ方,
Train,452,4,演奏：スタイル・理解,評価：感じられ方,
Train,452,5,評価：感じられ方,,
Train,452,6,演奏：キャラクター・音色,評価：その他,
Test,453,1,録音の背景,,
Test,453,2,録音の背景,,
Test,453,3,録音の背景,,
Test,453,4,演奏：スタイル・理解,評価：感じられ方,
Test,453,5,演奏：リズム,演奏：エネルギー,
Test,453,6,演奏：キャラクター・音色,,
Test,453,7,演奏：構造,評価：感じられ方,
Test,453,8,演奏：リズム,演奏：構造,
Test,453,9,演奏：時間的特徴,評価：その他,
Train,454,1,その他,,
Train,454,2,演奏者,,
Train,454,3,楽曲,,
Train,454,4,演奏：キャラクター・音色,演奏：スタイル・理解,評価：その他
Train,454,5,評価：その他,評価：感じられ方,
Train,454,6,評価：対比,評価：感じられ方,
Dev,455,1,録音の背景,,
Dev,455,2,楽曲,,
Dev,455,3,楽曲,演奏：感情,
Dev,455,4,演奏：キャラクター・音色,演奏：感情,
Dev,455,5,演奏者,,
Dev,455,6,その他,,
Train,456,1,評価：感じられ方,,
Train,456,2,演奏者,,
Train,456,3,楽曲,,
Train,456,4,その他,,
Train,456,5,演奏：スタイル・理解,演奏：キャラクター・音色,
Train,456,6,演奏：キャラクター・音色,,
Train,456,7,評価：感じられ方,,
Train,457,1,録音の背景,,
Train,457,2,演奏：スタイル・理解,演奏：時間的特徴,
Train,457,3,演奏：構造,演奏：キャラクター・音色,
Train,457,4,演奏：感情,演奏：エネルギー,
Train,457,5,評価：感じられ方,,
Train,457,6,演奏：スタイル・理解,楽器,評価：感じられ方
Train,458,1,録音の背景,,
Train,458,2,演奏：スタイル・理解,,
Train,458,3,演奏：キャラクター・音色,,
Train,458,4,演奏：時間的特徴,評価：感じられ方,
Train,458,5,演奏：スタイル・理解,,
Train,458,6,演奏：スタイル・理解,演奏：時間的特徴,
Train,458,7,楽曲,演奏：音量的特徴,
Train,458,8,評価：その他,,
Train,459,1,楽器,,
Train,459,2,演奏者,楽曲,
Train,459,3,演奏：キャラクター・音色,評価：その他,
Train,459,4,演奏：スタイル・理解,演奏：コミュニケーション,
Train,459,5,演奏：技術,演奏：キャラクター・音色,
Train,459,6,演奏：コミュニケーション,評価：その他,
Test,460,1,楽曲,,
Test,460,2,評価：感じられ方,演奏：技術,演奏：コミュニケーション
Test,460,3,楽曲,評価：その他,
Test,461,1,録音の背景,,
Test,461,2,評価：対比,評価：感じられ方,
Test,461,3,演奏：スタイル・理解,,
Test,461,4,演奏：キャラクター・音色,,
Test,461,5,演奏：構造,,
Test,461,6,楽器,演奏：エネルギー,
Test,461,7,演奏：エネルギー,演奏：キャラクター・音色,評価：感じられ方
Train,462,1,楽器,演奏者,録音の背景
Train,462,2,演奏：スタイル・理解,演奏：コミュニケーション,評価：感じられ方
Train,462,3,演奏：コミュニケーション,,
Train,462,4,楽器,,
Train,462,5,楽器,演奏：キャラクター・音色,
Train,463,1,その他,,
Train,463,2,演奏者,楽曲,
Train,463,3,楽曲,演奏：キャラクター・音色,評価：その他
Train,463,4,楽曲,,
Train,463,5,その他,,
Test,464,1,演奏者,録音の背景,
Test,464,2,演奏者,演奏：キャラクター・音色,演奏：スタイル・理解
Test,464,3,評価：その他,楽曲,
Test,464,4,楽曲,,
Test,464,5,演奏：構造,楽曲,評価：その他
Train,465,1,楽曲,,
Train,465,2,楽曲,,
Train,465,3,楽曲,,
Train,465,4,楽曲,,
Train,465,5,楽曲,,
Train,465,6,楽曲,,
Train,465,7,楽曲,,
Dev,466,1,演奏者,,
Dev,466,2,録音の背景,,
Dev,466,3,演奏：スタイル・理解,演奏：コミュニケーション,演奏：キャラクター・音色
Dev,466,4,演奏：エネルギー,演奏：感情,評価：感じられ方
Train,467,1,その他,,
Train,467,2,演奏者,評価：感じられ方,
Train,467,3,録音の背景,楽曲,
Train,467,4,演奏：キャラクター・音色,演奏：スタイル・理解,
Train,467,5,演奏：キャラクター・音色,評価：その他,
Test,468,1,演奏者,,
Test,468,2,楽曲,演奏：スタイル・理解,
Test,468,3,演奏：スタイル・理解,演奏：技術,評価：感じられ方
Test,468,4,評価：感じられ方,評価：真正性,
Test,468,5,演奏：感情,,
Test,468,6,評価：感じられ方,,
Test,468,7,演奏：キャラクター・音色,演奏：アーティキュレーション,評価：その他
Test,468,8,その他,,
Train,469,1,演奏者,録音の背景,
Train,469,2,演奏：スタイル・理解,評価：感じられ方,
Train,469,3,演奏：キャラクター・音色,演奏者,演奏：コミュニケーション
Train,469,4,演奏：感情,評価：感じられ方,
Train,469,5,評価：対比,,
Train,470,1,演奏者,録音の背景,
Train,470,2,録音の背景,,
Train,470,3,演奏：スタイル・理解,演奏：キャラクター・音色,演奏：感情
Train,470,4,楽器,,
Train,470,5,演奏：アーティキュレーション,演奏：キャラクター・音色,評価：感じられ方
Train,470,6,評価：その他,,
Train,471,1,楽曲,,
Train,471,2,楽曲,,
Train,471,3,楽曲,,
Train,471,4,演奏：技術,演奏：キャラクター・音色,
Train,471,5,評価：感じられ方,,
Dev,472,1,楽曲,,
Dev,472,2,楽曲,,
Dev,472,3,楽曲,演奏者,
Dev,472,4,演奏：技術,演奏：スタイル・理解,演奏：キャラクター・音色
Dev,472,5,評価：その他,,
Dev,472,6,楽曲,,
Dev,473,1,演奏者,,
Dev,473,2,評価：その他,演奏：キャラクター・音色,評価：感じられ方
Dev,473,3,演奏：スタイル・理解,,
Dev,473,4,演奏：スタイル・理解,演奏：キャラクター・音色,
Dev,473,5,演奏：コミュニケーション,評価：感じられ方,
Train,474,1,その他,,
Train,474,2,演奏者,,
Train,474,3,楽曲,,
Train,474,4,演奏：キャラクター・音色,評価：感じられ方,評価：その他
Train,474,5,演奏：コミュニケーション,,
Train,474,6,楽曲,評価：感じられ方,
Train,475,1,演奏者,録音の背景,
Train,475,2,楽曲,,
Train,475,3,演奏：構造,,
Train,475,4,楽曲,評価：その他,
Train,475,5,評価：その他,評価：感じられ方,
Train,475,6,評価：その他,,
Train,476,1,演奏者,,
Train,476,2,演奏者,録音の背景,
Train,476,3,演奏：技術,楽曲,評価：感じられ方
Train,476,4,楽曲,評価：感じられ方,
Train,476,5,楽曲,評価：感じられ方,
Train,476,6,その他,,
Train,477,1,録音の背景,,
Train,477,2,演奏者,,
Train,477,3,演奏：キャラクター・音色,,
Train,477,4,楽曲,演奏：感情,
Test,478,1,演奏者,評価：その他,
Test,478,2,評価：その他,演奏：感情,演奏：技術
Test,478,3,その他,演奏：スタイル・理解,評価：その他
Train,479,1,演奏者,録音の背景,
Train,479,2,楽曲,,
Train,479,3,演奏：キャラクター・音色,評価：感じられ方,
Train,479,4,楽器,,
Train,480,1,楽曲,,
Train,480,2,楽曲,,
Train,480,3,演奏者,録音の背景,評価：感じられ方
Train,480,4,録音の背景,評価：感じられ方,
Train,480,5,その他,,
Dev,481,1,演奏者,,
Dev,481,2,演奏者,,
Dev,481,3,演奏：スタイル・理解,評価：その他,
Dev,481,4,演奏：スタイル・理解,演奏：構造,
Dev,481,5,演奏：キャラクター・音色,,
Test,482,1,録音の背景,評価：その他,
Test,482,2,楽曲,,
Test,482,3,楽曲,,
Test,482,4,演奏：スタイル・理解,演奏：感情,評価：その他
Train,483,1,演奏者,,
Train,483,2,演奏：感情,,
Train,483,3,演奏：スタイル・理解,,
Train,483,4,演奏：キャラクター・音色,,
Train,483,5,演奏：キャラクター・音色,,
Train,483,6,演奏者,評価：感じられ方,
Test,484,1,録音の背景,,
Test,484,2,演奏者,評価：その他,
Test,484,3,評価：その他,,
Test,484,4,演奏：キャラクター・音色,評価：その他,
Test,484,5,演奏：キャラクター・音色,評価：その他,
Test,484,6,演奏：技術,演奏：キャラクター・音色,評価：その他
Test,484,7,演奏者,評価：感じられ方,
Test,484,8,楽曲,,
Train,485,1,演奏者,演奏：エネルギー,
Train,485,2,演奏：感情,演奏：スタイル・理解,演奏：キャラクター・音色
Train,485,3,演奏：エネルギー,評価：感じられ方,
Train,485,4,演奏：スタイル・理解,評価：その他,
Train,485,5,演奏：エネルギー,その他,
Train,486,1,楽曲,,
Train,486,2,楽曲,,
Train,486,3,楽曲,,
Train,486,4,楽曲,,
Train,486,5,演奏：感情,,
Train,486,6,評価：感じられ方,,
Train,487,1,演奏者,録音の背景,
Train,487,2,演奏者,録音の背景,
Train,487,3,評価：感じられ方,評価：その他,
Train,488,1,演奏者,楽曲,
Train,488,2,楽曲,評価：その他,
Train,488,3,演奏：キャラクター・音色,演奏：スタイル・理解,評価：その他
Train,488,4,評価：感じられ方,楽器,楽曲
Train,488,5,その他,,
Train,488,6,評価：その他,,
Train,489,1,楽曲,評価：感じられ方,
Train,489,2,演奏者,演奏：キャラクター・音色,
Train,489,3,演奏：エネルギー,演奏：音量的特徴,評価：真正性
Train,489,4,評価：感じられ方,評価：その他,
Dev,490,1,録音の背景,,
Dev,490,2,録音の背景,,
Dev,490,3,楽曲,,
Dev,490,4,演奏者,演奏：エネルギー,
Dev,490,5,評価：その他,,
Train,491,1,録音の背景,,
Train,491,2,録音の背景,,
Train,491,3,楽曲,,
Train,491,4,楽曲,演奏：スタイル・理解,
Train,491,5,その他,,
Train,491,6,演奏：キャラクター・音色,評価：感じられ方,
Test,492,1,録音の背景,,
Test,492,2,楽曲,評価：感じられ方,
Test,492,3,演奏：アーティキュレーション,演奏：感情,演奏：コミュニケーション
Test,492,4,評価：感じられ方,,
Test,492,5,演奏：感情,演奏：構造,
Test,492,6,演奏：構造,演奏：時間的特徴,
Test,492,7,評価：その他,,
Test,492,8,演奏：コミュニケーション,演奏：構造,
Test,492,9,評価：感じられ方,,
Test,493,1,評価：その他,,
Test,493,2,演奏：時間的特徴,,
Test,493,3,演奏：時間的特徴,,
Test,493,4,演奏：時間的特徴,演奏：スタイル・理解,
Test,493,5,演奏：リズム,,
Test,493,6,演奏：スタイル・理解,,
Test,493,7,演奏：時間的特徴,,
Test,493,8,演奏：構造,,
Test,493,9,演奏：時間的特徴,,
Test,493,10,評価：感じられ方,,
Test,493,11,演奏：時間的特徴,演奏：構造,
Test,493,12,評価：感じられ方,,
Train,494,1,演奏：スタイル・理解,評価：感じられ方,
Train,494,2,演奏：スタイル・理解,,
Train,494,3,演奏：スタイル・理解,,
Train,494,4,演奏：スタイル・理解,,
Train,494,5,演奏：スタイル・理解,評価：感じられ方,
Train,494,6,録音の背景,,
Train,495,1,録音の背景,,
Train,495,2,演奏者,録音の背景,
Train,495,3,楽曲,演奏：構造,演奏：キャラクター・音色
Train,495,4,演奏：エネルギー,演奏：キャラクター・音色,
Train,495,5,評価：その他,,
Dev,496,1,演奏者,,
Dev,496,2,録音の背景,,
Dev,496,3,録音の背景,楽曲,
Dev,496,4,楽器,演奏：キャラクター・音色,評価：感じられ方
Train,497,1,演奏者,楽曲,
Train,497,2,演奏者,,
Train,497,3,演奏：スタイル・理解,,
Train,497,4,演奏：キャラクター・音色,演奏：技術,演奏：エネルギー
Train,497,5,評価：感じられ方,,
Train,497,6,録音の背景,,
Dev,498,1,録音の背景,,
Dev,498,2,録音の背景,評価：感じられ方,演奏：感情
Dev,498,3,演奏：キャラクター・音色,評価：感じられ方,
Dev,498,4,演奏：時間的特徴,演奏：感情,評価：その他
Train,499,1,録音の背景,,
Train,499,2,演奏者,楽曲,
Train,499,3,演奏：スタイル・理解,評価：感じられ方,
Train,499,4,演奏：スタイル・理解,,
Train,499,5,評価：感じられ方,,
Train,499,6,その他,,
Train,500,1,録音の背景,楽曲,
Train,500,2,楽器,,
Train,500,3,楽器,演奏：キャラクター・音色,演奏：スタイル・理解
Train,500,4,演奏：構造,,
Train,500,5,評価：感じられ方,,
Train,500,6,評価：真正性,,
Test,501,1,評価：真正性,,
Test,501,2,楽曲,,
Test,501,3,楽曲,演奏者,演奏：スタイル・理解
Test,501,4,その他,,
Train,502,1,演奏者,楽器,
Train,502,2,演奏者,楽曲,
Train,502,3,演奏：技術,演奏：キャラクター・音色,
Train,502,4,評価：その他,,
Train,503,1,演奏者,演奏：スタイル・理解,
Train,503,2,演奏：スタイル・理解,,
Train,503,3,演奏：キャラクター・音色,,
Train,503,4,評価：真正性,評価：感じられ方,
Train,503,5,演奏：スタイル・理解,評価：感じられ方,
Train,503,6,演奏：技術,,
Train,504,1,録音の背景,,
Train,504,2,楽器,楽曲,
Train,504,3,演奏者,評価：感じられ方,
Train,504,4,楽曲,評価：感じられ方,
Train,505,1,録音の背景,,
Train,505,2,評価：その他,,
Train,505,3,演奏：キャラクター・音色,演奏：構造,
Train,505,4,演奏：キャラクター・音色,演奏：エネルギー,
Train,505,5,演奏：時間的特徴,,
Train,505,6,評価：その他,,
Test,506,1,録音の背景,,
Test,506,2,録音の背景,,
Test,506,3,録音の背景,,
Test,506,4,楽曲,演奏：キャラクター・音色,評価：感じられ方
Test,506,5,録音の背景,評価：感じられ方,
Train,507,1,演奏者,,
Train,507,2,楽曲,,
Train,507,3,演奏：スタイル・理解,,
Train,507,4,演奏：キャラクター・音色,,
Train,507,5,演奏：スタイル・理解,,
Train,507,6,評価：感じられ方,,
Train,507,7,演奏：コミュニケーション,,
Train,508,1,演奏者,録音の背景,
Train,508,2,楽曲,,
Train,508,3,録音の背景,,
Train,508,4,楽曲,評価：感じられ方,
Train,509,1,演奏者,,
Train,509,2,楽曲,演奏者,
Train,509,3,楽曲,,
Train,509,4,演奏：音量的特徴,,
Train,509,5,演奏：スタイル・理解,演奏：キャラクター・音色,
Train,509,6,その他,,
Train,510,1,楽曲,,
Train,510,2,楽曲,,
Train,510,3,演奏：スタイル・理解,演奏：エネルギー,評価：真正性
Train,510,4,楽曲,評価：感じられ方,
Dev,511,1,演奏者,,
Dev,511,2,演奏者,楽曲,
Dev,511,3,演奏：技術,演奏：スタイル・理解,
Dev,511,4,演奏：キャラクター・音色,,
Dev,511,5,演奏：キャラクター・音色,演奏：構造,
Test,512,1,録音の背景,,
Test,512,2,演奏：アーティキュレーション,演奏：キャラクター・音色,評価：感じられ方
Test,512,3,評価：感じられ方,,
Test,512,4,演奏：リズム,演奏：キャラクター・音色,評価：感じられ方
Test,512,5,楽曲,演奏：構造,評価：感じられ方
Test,512,6,評価：感じられ方,,
Train,513,1,楽器,,
Train,513,2,楽器,,
Train,513,3,評価：その他,,
Train,513,4,演奏者,録音の背景,
Train,513,5,演奏：スタイル・理解,,
Train,513,6,演奏：コミュニケーション,演奏：スタイル・理解,評価：感じられ方
Train,513,7,楽曲,,
Train,513,8,その他,,
Train,514,1,演奏者,録音の背景,
Train,514,2,演奏：キャラクター・音色,楽曲,
Train,514,3,楽曲,,
Train,514,4,その他,,
Train,514,5,楽曲,,
Train,515,1,演奏者,録音の背景,
Train,515,2,演奏者,演奏：キャラクター・音色,演奏：感情
Train,515,3,楽曲,,
Train,515,4,楽曲,評価：真正性,
Train,516,1,演奏者,,
Train,516,2,演奏：エネルギー,演奏：構造,評価：感じられ方
Train,516,3,演奏：アーティキュレーション,演奏：構造,評価：真正性
Train,516,4,評価：感じられ方,演奏：エネルギー,演奏：感情
Train,516,5,評価：その他,,
Train,517,1,演奏者,楽曲,
Train,517,2,演奏：キャラクター・音色,評価：その他,
Train,517,3,楽曲,演奏：音量的特徴,評価：その他
Train,517,4,演奏者,演奏：スタイル・理解,評価：その他
Train,518,1,楽曲,,
Train,518,2,演奏者,演奏：キャラクター・音色,評価：感じられ方
Train,518,3,演奏：スタイル・理解,,
Train,518,4,楽曲,演奏：技術,評価：感じられ方
Train,518,5,録音の背景,評価：感じられ方,
Dev,519,1,演奏者,録音の背景,
Dev,519,2,録音の背景,,
Dev,519,3,録音の背景,演奏：キャラクター・音色,評価：感じられ方
Dev,519,4,演奏：キャラクター・音色,評価：真正性,演奏：コミュニケーション
Dev,519,5,演奏：コミュニケーション,評価：感じられ方,
Test,520,1,演奏者,録音の背景,
Test,520,2,その他,演奏：スタイル・理解,演奏：時間的特徴
Test,520,3,評価：その他,,
Train,521,1,演奏者,,
Train,521,2,録音の背景,,
Train,521,3,楽曲,,
Train,521,4,楽曲,,
Train,521,5,演奏：時間的特徴,演奏：スタイル・理解,評価：感じられ方
Train,522,1,演奏者,録音の背景,
Train,522,2,楽曲,,
Train,522,3,演奏：スタイル・理解,演奏：構造,演奏：キャラクター・音色
Train,522,4,楽曲,,
Test,523,1,演奏者,,
Test,523,2,楽器,演奏：キャラクター・音色,評価：感じられ方
Test,523,3,演奏：スタイル・理解,評価：その他,
Test,523,4,演奏：構造,評価：感じられ方,
Test,523,5,演奏：キャラクター・音色,評価：真正性,
Test,523,6,評価：その他,,
Dev,524,1,演奏者,,
Dev,524,2,楽曲,,
Dev,524,3,演奏：スタイル・理解,評価：感じられ方,
Dev,524,4,演奏：スタイル・理解,,
Dev,524,5,評価：感じられ方,演奏：キャラクター・音色,
Train,525,1,録音の背景,,
Train,525,2,録音の背景,,
Train,525,3,録音の背景,,
Train,525,4,評価：感じられ方,,
Train,525,5,評価：感じられ方,,
Train,525,6,演奏：スタイル・理解,演奏：時間的特徴,
Train,525,7,評価：感じられ方,,
Train,525,8,評価：感じられ方,,
Train,525,9,評価：その他,,
Train,525,10,評価：その他,,
Dev,526,1,演奏者,,
Dev,526,2,演奏者,,
Dev,526,3,楽曲,,
Dev,526,4,演奏：キャラクター・音色,演奏：スタイル・理解,評価：その他
Test,527,1,評価：感じられ方,,
Test,527,2,録音の背景,,
Test,527,3,録音の背景,,
Test,527,4,楽曲,,
Test,527,5,演奏：スタイル・理解,演奏：エネルギー,
Test,527,6,演奏：コミュニケーション,評価：感じられ方,
Train,528,1,演奏者,録音の背景,
Train,528,2,楽曲,,
Train,528,3,楽曲,演奏：エネルギー,演奏：構造
Train,528,4,楽器,楽曲,演奏：感情
Train,528,5,演奏：スタイル・理解,評価：感じられ方,
Train,528,6,評価：感じられ方,,
Train,529,1,楽曲,,
Train,529,2,楽曲,,
Train,529,3,演奏者,演奏：スタイル・理解,
Train,529,4,楽曲,,
Train,529,5,楽曲,,
Train,529,6,評価：感じられ方,,
Train,530,1,演奏者,録音の背景,楽曲
Train,530,2,演奏：スタイル・理解,演奏：キャラクター・音色,
Train,530,3,演奏：スタイル・理解,評価：真正性,演奏：コミュニケーション
Train,530,4,演奏：時間的特徴,演奏：スタイル・理解,演奏：エネルギー
Train,530,5,評価：真正性,,
Dev,531,1,その他,,
Dev,531,2,演奏者,楽器,
Dev,531,3,楽器,演奏：キャラクター・音色,演奏：スタイル・理解
Dev,531,4,評価：その他,,
Dev,531,5,その他,,
Train,532,1,楽曲,,
Train,532,2,楽曲,,
Train,532,3,楽曲,,
Train,532,4,楽曲,,
Train,532,5,楽曲,,
Train,532,6,演奏者,録音の背景,楽器
Train,533,1,演奏者,録音の背景,
Train,533,2,録音の背景,評価：その他,
Train,533,3,演奏：スタイル・理解,評価：その他,
Train,533,4,評価：感じられ方,,
Train,533,5,演奏：感情,演奏：技術,評価：その他
Train,533,6,演奏：キャラクター・音色,演奏：スタイル・理解,評価：その他
Dev,534,1,演奏者,,
Dev,534,2,演奏者,,
Dev,534,3,楽曲,録音の背景,
Dev,534,4,楽曲,,
Dev,534,5,演奏：キャラクター・音色,評価：その他,
Dev,534,6,演奏：スタイル・理解,,
Dev,535,1,録音の背景,,
Dev,535,2,演奏：スタイル・理解,,
Dev,535,3,演奏：スタイル・理解,楽器,演奏：コミュニケーション
Dev,535,4,演奏者,,
Dev,535,5,評価：感じられ方,,
Train,536,1,演奏者,録音の背景,
Train,536,2,楽曲,評価：感じられ方,
Train,536,3,評価：感じられ方,楽曲,
Train,536,4,評価：感じられ方,,
Train,536,5,評価：感じられ方,,
Train,537,1,録音の背景,楽曲,
Train,537,2,演奏：キャラクター・音色,,
Train,537,3,評価：感じられ方,評価：真正性,
Train,537,4,楽曲,演奏：スタイル・理解,評価：感じられ方
Train,537,5,演奏：エネルギー,,
Train,537,6,演奏：キャラクター・音色,演奏：技術,評価：感じられ方
Train,537,7,演奏：音量的特徴,演奏：構造,評価：感じられ方
Train,538,1,演奏：スタイル・理解,演奏：アーティキュレーション,演奏：時間的特徴
Train,538,2,演奏：技術,,
Train,538,3,評価：感じられ方,,
Train,538,4,演奏者,,
Train,538,5,録音の背景,評価：その他,
Train,538,6,評価：その他,,
Train,538,7,その他,,
Train,539,1,演奏者,録音の背景,
Train,539,2,演奏者,楽曲,
Train,539,3,演奏：スタイル・理解,評価：感じられ方,
Test,540,1,演奏者,録音の背景,楽曲
Test,540,2,演奏：キャラクター・音色,評価：対比,
Test,540,3,演奏：感情,評価：その他,
Test,540,4,その他,,
Train,541,1,演奏者,,
Train,541,2,録音の背景,演奏：キャラクター・音色,演奏：エネルギー
Train,541,3,演奏：技術,演奏：キャラクター・音色,評価：感じられ方
Train,541,4,演奏：スタイル・理解,評価：その他,
Train,542,1,演奏者,録音の背景,
Train,542,2,録音の背景,,
Train,542,3,楽曲,,
Train,542,4,楽曲,,
Train,542,5,演奏：キャラクター・音色,評価：感じられ方,
Train,542,6,評価：その他,,
Train,543,1,演奏者,録音の背景,楽曲
Train,543,2,楽曲,,
Train,543,3,楽曲,録音の背景,評価：その他
Train,544,1,評価：感じられ方,,
Train,544,2,評価：対比,,
Train,544,3,演奏者,評価：対比,
Train,544,4,演奏：スタイル・理解,演奏：技術,
Train,544,5,演奏：スタイル・理解,演奏：構造,
Test,545,1,録音の背景,,
Test,545,2,演奏者,,
Test,545,3,演奏：スタイル・理解,評価：感じられ方,
Test,545,4,演奏：構造,,
Test,545,5,評価：感じられ方,,
Test,545,6,演奏：キャラクター・音色,評価：感じられ方,
Test,545,7,演奏：エネルギー,評価：感じられ方,
Test,545,8,演奏：構造,評価：感じられ方,
Test,545,9,評価：感じられ方,,
Dev,546,1,演奏者,,
Dev,546,2,録音の背景,,
Dev,546,3,録音の背景,演奏：キャラクター・音色,
Dev,546,4,演奏：技術,演奏：キャラクター・音色,演奏：感情
Train,547,1,演奏者,録音の背景,楽曲
Train,547,2,楽曲,,
Train,547,3,楽曲,,
Train,547,4,演奏：キャラクター・音色,演奏：技術,
Train,547,5,楽曲,,
Test,548,1,録音の背景,,
Test,548,2,楽曲,演奏：技術,
Test,548,3,演奏：キャラクター・音色,演奏：感情,評価：感じられ方
Test,548,4,評価：その他,,
Test,548,5,演奏：キャラクター・音色,評価：感じられ方,
Test,548,6,録音の背景,評価：その他,
Train,549,1,演奏者,録音の背景,
Train,549,2,演奏：スタイル・理解,,
Train,549,3,演奏：スタイル・理解,,
Train,549,4,演奏：キャラクター・音色,,
Train,549,5,演奏：スタイル・理解,評価：感じられ方,
Train,549,6,その他,,
Train,549,7,その他,,
Train,550,1,演奏：キャラクター・音色,演奏：感情,
Train,550,2,演奏：構造,演奏：コミュニケーション,
Train,550,3,演奏：キャラクター・音色,演奏：構造,
Train,550,4,楽曲,,
Train,550,5,楽曲,評価：感じられ方,
Train,550,6,評価：感じられ方,,
Train,551,1,演奏：キャラクター・音色,,
Train,551,2,演奏：キャラクター・音色,,
Train,551,3,楽曲,,
Train,551,4,楽曲,,
Train,551,5,演奏者,楽曲,
Train,551,6,楽曲,,
Train,551,7,楽曲,演奏：キャラクター・音色,
Dev,552,1,楽曲,演奏者,演奏：キャラクター・音色
Dev,552,2,評価：感じられ方,,
Dev,552,3,評価：感じられ方,,
Dev,552,4,演奏：スタイル・理解,演奏：キャラクター・音色,評価：感じられ方
Dev,552,5,評価：感じられ方,,
Train,553,1,演奏者,,
Train,553,2,楽曲,,
Train,553,3,演奏：キャラクター・音色,演奏：アーティキュレーション,
Train,553,4,演奏：キャラクター・音色,演奏：エネルギー,
Train,553,5,演奏：感情,評価：感じられ方,
Train,554,1,演奏者,録音の背景,
Train,554,2,録音の背景,演奏：エネルギー,
Train,554,3,演奏：時間的特徴,,
Train,554,4,演奏：時間的特徴,演奏：エネルギー,
Train,554,5,演奏：キャラクター・音色,,
Train,554,6,演奏：キャラクター・音色,演奏：時間的特徴,
Train,554,7,評価：対比,評価：感じられ方,
Test,555,1,演奏者,楽器,
Test,555,2,評価：感じられ方,,
Test,555,3,演奏：技術,演奏：キャラクター・音色,演奏：リズム
Test,555,4,楽器,評価：感じられ方,
Test,555,5,楽曲,,
Test,555,6,評価：その他,,
Train,556,1,演奏者,録音の背景,
Train,556,2,演奏者,楽曲,
Train,556,3,楽曲,,
Train,556,4,録音の背景,,
Train,557,1,演奏者,,
Train,557,2,演奏：キャラクター・音色,演奏：エネルギー,評価：感じられ方
Train,557,3,楽曲,演奏：エネルギー,評価：真正性
Train,557,4,演奏者,評価：感じられ方,
Train,557,5,評価：その他,,
Test,558,1,演奏者,録音の背景,
Test,558,2,評価：感じられ方,,
Test,558,3,演奏：構造,評価：感じられ方,
Test,558,4,演奏：構造,評価：その他,
Test,558,5,評価：感じられ方,,
Test,558,6,評価：その他,,
Test,558,7,演奏：構造,,
Test,558,8,演奏：エネルギー,演奏：キャラクター・音色,評価：感じられ方
Test,558,9,演奏：キャラクター・音色,,
Train,559,1,演奏者,録音の背景,
Train,559,2,録音の背景,楽曲,
Train,559,3,演奏：キャラクター・音色,,
Train,560,1,演奏：キャラクター・音色,,
Train,560,2,評価：感じられ方,,
Train,560,3,演奏者,,
Train,560,4,楽曲,,
Train,560,5,演奏：スタイル・理解,,
Train,560,6,演奏：スタイル・理解,,
Train,560,7,楽曲,,
Train,560,8,楽曲,,
Train,560,9,楽曲,,
Train,561,1,演奏者,楽曲,
Train,561,2,演奏：スタイル・理解,演奏：感情,評価：感じられ方
Train,561,3,評価：感じられ方,,
Train,561,4,演奏：スタイル・理解,評価：その他,
Train,561,5,楽曲,評価：感じられ方,
Train,561,6,評価：その他,,
Dev,562,1,演奏者,楽曲,
Dev,562,2,楽曲,,
Dev,562,3,演奏者,楽曲,
Dev,562,4,演奏：キャラクター・音色,演奏：構造,
Dev,562,5,評価：その他,,
Test,563,1,演奏者,録音の背景,
Test,563,2,楽曲,,
Test,563,3,演奏：スタイル・理解,評価：感じられ方,評価：対比
Test,563,4,演奏：キャラクター・音色,評価：感じられ方,
Test,563,5,楽曲,評価：感じられ方,
Train,564,1,演奏者,,
Train,564,2,録音の背景,,
Train,564,3,楽曲,演奏：コミュニケーション,評価：感じられ方
Train,564,4,楽曲,,
Train,564,5,演奏：キャラクター・音色,演奏：感情,
Train,564,6,楽曲,演奏：構造,評価：真正性
Train,565,1,録音の背景,,
Train,565,2,楽曲,,
Train,565,3,楽曲,演奏：エネルギー,演奏：キャラクター・音色
Train,565,4,楽曲,,
Train,565,5,演奏：キャラクター・音色,評価：感じられ方,
Train,565,6,評価：その他,,
Train,565,7,評価：その他,,
Train,566,1,楽曲,演奏者,
Train,566,2,演奏者,楽曲,録音の背景
Train,566,3,演奏：スタイル・理解,評価：感じられ方,演奏：感情
Train,566,4,演奏：スタイル・理解,評価：感じられ方,
Train,566,5,録音の背景,演奏：感情,評価：感じられ方
Test,567,1,演奏者,録音の背景,
Test,567,2,演奏：キャラクター・音色,演奏：技術,
Test,567,3,楽曲,評価：感じられ方,
Test,567,4,演奏：感情,評価：感じられ方,
Test,567,5,楽曲,その他,
Train,568,1,楽曲,録音の背景,
Train,568,2,演奏者,,
Train,568,3,楽曲,,
Train,568,4,楽曲,,
Train,568,5,評価：感じられ方,,
Train,569,1,演奏：スタイル・理解,,
Train,569,2,演奏：スタイル・理解,,
Train,569,3,演奏：キャラクター・音色,,
Train,569,4,演奏：スタイル・理解,評価：感じられ方,
Train,569,5,演奏者,,
Train,569,6,演奏：時間的特徴,,
Train,569,7,演奏：時間的特徴,,
Train,569,8,評価：感じられ方,,
Train,569,9,演奏：スタイル・理解,,
Train,569,10,評価：感じられ方,,
Train,570,1,評価：感じられ方,,
Train,570,2,演奏：キャラクター・音色,評価：感じられ方,評価：真正性
Train,570,3,演奏者,,
Train,570,4,楽曲,,
Train,570,5,演奏：技術,演奏：キャラクター・音色,演奏：スタイル・理解
Train,570,6,評価：その他,,
Train,571,1,楽曲,,
Train,571,2,楽曲,,
Train,571,3,楽曲,演奏：キャラクター・音色,
Train,571,4,楽曲,,
Train,571,5,楽曲,評価：感じられ方,
Dev,572,1,演奏者,録音の背景,
Dev,572,2,演奏者,,
Dev,572,3,録音の背景,,
Dev,572,4,楽曲,,
Dev,572,5,評価：感じられ方,,
Dev,572,6,評価：感じられ方,演奏：キャラクター・音色,
Train,573,1,演奏者,評価：その他,
Train,573,2,演奏：キャラクター・音色,演奏：エネルギー,
Train,573,3,楽曲,評価：感じられ方,
Train,573,4,評価：感じられ方,,
Train,573,5,評価：感じられ方,演奏：キャラクター・音色,
Train,574,1,演奏者,,
Train,574,2,演奏者,演奏：スタイル・理解,
Train,574,3,楽曲,演奏：構造,
Train,574,4,楽曲,演奏者,
Train,574,5,評価：感じられ方,,
Train,574,6,評価：感じられ方,,
Dev,575,1,その他,,
Dev,575,2,演奏者,,
Dev,575,3,演奏者,,
Dev,575,4,録音の背景,,
Dev,575,5,演奏：キャラクター・音色,演奏：構造,
Dev,575,6,演奏：スタイル・理解,演奏：構造,
Dev,575,7,評価：真正性,,
Train,576,1,演奏者,録音の背景,
Train,576,2,楽曲,,
Train,576,3,楽曲,評価：感じられ方,
Train,576,4,楽器,演奏：構造,演奏：アーティキュレーション
Test,577,1,演奏者,録音の背景,
Test,577,2,演奏：アーティキュレーション,演奏：エネルギー,
Test,577,3,演奏：音量的特徴,,
Test,577,4,演奏：エネルギー,評価：感じられ方,
Test,577,5,演奏：アーティキュレーション,演奏：スタイル・理解,
Test,577,6,演奏：音量的特徴,演奏：アーティキュレーション,
Test,577,7,評価：感じられ方,,
Test,577,8,演奏：リズム,評価：感じられ方,
Test,577,9,演奏：時間的特徴,,
Test,577,10,演奏：構造,評価：感じられ方,
Test,577,11,評価：感じられ方,評価：真正性,
Train,578,1,演奏者,楽曲,
Train,578,2,録音の背景,,
Train,578,3,楽曲,,
Train,578,4,演奏：スタイル・理解,演奏：構造,
Train,578,5,演奏：スタイル・理解,,
Train,579,1,演奏者,,
Train,579,2,録音の背景,,
Train,579,3,録音の背景,,
Train,579,4,演奏：エネルギー,演奏：スタイル・理解,
Train,579,5,演奏：キャラクター・音色,評価：感じられ方,
Test,580,1,録音の背景,,
Test,580,2,楽曲,,
Test,580,3,演奏：スタイル・理解,,
Test,580,4,評価：感じられ方,演奏：リズム,評価：対比
Test,580,5,評価：感じられ方,,
Train,581,1,演奏者,,
Train,581,2,録音の背景,演奏：スタイル・理解,演奏：キャラクター・音色
Train,581,3,演奏：スタイル・理解,演奏：キャラクター・音色,
Train,581,4,演奏：エネルギー,演奏：技術,
Train,581,5,その他,,
Train,581,6,評価：感じられ方,,
Train,582,1,演奏者,楽曲,
Train,582,2,演奏：感情,評価：感じられ方,
Train,582,3,演奏：スタイル・理解,評価：感じられ方,
Train,582,4,演奏：スタイル・理解,評価：その他,
Train,582,5,演奏：スタイル・理解,演奏：構造,演奏：感情
Dev,583,1,楽曲,,
Dev,583,2,楽曲,,
Dev,583,3,演奏：コミュニケーション,,
Dev,583,4,演奏：スタイル・理解,演奏：キャラクター・音色,演奏：コミュニケーション
Dev,583,5,評価：その他,,
Test,584,1,演奏者,録音の背景,
Test,584,2,楽曲,演奏：構造,演奏：スタイル・理解
Test,584,3,演奏：時間的特徴,演奏：スタイル・理解,評価：感じられ方
Test,584,4,楽曲,評価：感じられ方,
Train,585,1,録音の背景,,
Train,585,2,録音の背景,演奏：スタイル・理解,
Train,585,3,演奏：スタイル・理解,演奏：コミュニケーション,演奏：感情
Train,585,4,評価：感じられ方,,
Train,585,5,録音の背景,その他,
Dev,586,1,演奏者,,
Dev,586,2,演奏者,,
Dev,586,3,録音の背景,楽曲,
Dev,586,4,楽曲,,
Dev,586,5,演奏：スタイル・理解,演奏：リズム,評価：その他
Train,587,1,その他,,
Train,587,2,その他,,
Train,587,3,評価：感じられ方,,
Train,587,4,演奏：感情,,
Train,587,5,演奏者,演奏：感情,
Train,587,6,楽器,演奏：キャラクター・音色,
Train,587,7,演奏：キャラクター・音色,,
Train,587,8,その他,,
Train,588,1,演奏：スタイル・理解,,
Train,588,2,評価：感じられ方,,
Train,588,3,演奏：キャラクター・音色,演奏：構造,
Train,588,4,演奏：スタイル・理解,評価：感じられ方,
Train,588,5,演奏：スタイル・理解,評価：感じられ方,
Train,588,6,楽曲,,
Train,589,1,評価：感じられ方,,
Train,589,2,演奏者,演奏：スタイル・理解,演奏：エネルギー
Train,589,3,演奏：時間的特徴,演奏：エネルギー,評価：感じられ方
Train,589,4,演奏：エネルギー,,
Train,589,5,演奏：キャラクター・音色,,
Train,589,6,演奏：音量的特徴,評価：感じられ方,
Train,589,7,その他,,
Train,589,8,その他,,
Train,589,9,評価：その他,,
Train,590,1,演奏者,録音の背景,
Train,590,2,録音の背景,,
Train,590,3,楽曲,演奏：キャラクター・音色,評価：感じられ方
Test,591,1,評価：感じられ方,,
Test,591,2,演奏：スタイル・理解,,
Test,591,3,楽曲,,
Test,591,4,評価：感じられ方,,
Dev,592,1,演奏者,録音の背景,
Dev,592,2,録音の背景,楽曲,
Dev,592,3,楽曲,,
Dev,592,4,演奏：感情,演奏：スタイル・理解,演奏：アーティキュレーション
Dev,592,5,演奏：時間的特徴,評価：真正性,
Dev,592,6,楽器,評価：感じられ方,
Test,593,1,録音の背景,,
Test,593,2,演奏：リズム,演奏：キャラクター・音色,評価：感じられ方
Test,593,3,楽器,演奏：構造,
Test,593,4,楽器,演奏：キャラクター・音色,評価：感じられ方
Test,593,5,楽曲,評価：その他,
Dev,594,1,楽器,録音の背景,
Dev,594,2,楽曲,,
Dev,594,3,演奏：キャラクター・音色,演奏：コミュニケーション,
Dev,594,4,評価：対比,演奏：キャラクター・音色,評価：その他
Test,595,1,演奏者,録音の背景,
Test,595,2,演奏：技術,,
Test,595,3,演奏：キャラクター・音色,,
Test,595,4,演奏：キャラクター・音色,,
Test,595,5,演奏：感情,評価：感じられ方,
Test,595,6,演奏：キャラクター・音色,,
Test,595,7,演奏：構造,,
Test,595,8,演奏：エネルギー,演奏：コミュニケーション,評価：感じられ方
Test,595,9,演奏：キャラクター・音色,演奏：スタイル・理解,演奏：リズム
Train,596,1,演奏者,,
Train,596,2,評価：感じられ方,,
Train,596,3,演奏：時間的特徴,演奏：コミュニケーション,演奏：コミュニケーション
Train,596,4,演奏：キャラクター・音色,演奏：エネルギー,
Train,596,5,楽曲,,
Train,596,6,楽曲,,
Train,597,1,演奏者,録音の背景,
Train,597,2,楽曲,,
Train,597,3,演奏：キャラクター・音色,,
Train,597,4,演奏：キャラクター・音色,評価：感じられ方,
Train,597,5,評価：真正性,演奏：スタイル・理解,評価：感じられ方
Dev,598,1,演奏者,,
Dev,598,2,演奏者,録音の背景,楽曲
Dev,598,3,楽曲,演奏：技術,演奏：スタイル・理解
Dev,598,4,評価：感じられ方,,
Train,599,1,評価：感じられ方,,
Train,599,2,演奏者,,
Train,599,3,楽曲,演奏：キャラクター・音色,
Train,599,4,演奏：スタイル・理解,,
Train,599,5,演奏：音量的特徴,,
Train,599,6,演奏：スタイル・理解,演奏：キャラクター・音色,
Train,599,7,楽曲,,
Train,599,8,演奏：技術,評価：感じられ方,
Train,600,1,評価：感じられ方,,
Train,600,2,演奏者,楽曲,
Train,600,3,演奏者,,
Train,600,4,楽器,演奏：スタイル・理解,評価：感じられ方
Train,600,5,楽曲,評価：感じられ方,
Train,600,6,楽曲,演奏：感情,評価：感じられ方
Train,601,1,演奏者,録音の背景,
Train,601,2,録音の背景,,
Train,601,3,演奏：エネルギー,評価：感じられ方,
Train,601,4,評価：真正性,演奏：感情,演奏：コミュニケーション
Train,601,5,演奏：感情,評価：感じられ方,
Train,601,6,評価：感じられ方,,
Train,602,1,楽曲,,
Train,602,2,録音の背景,演奏：感情,評価：感じられ方
Train,602,3,演奏：音量的特徴,演奏：スタイル・理解,
Train,602,4,演奏：キャラクター・音色,評価：感じられ方,
Train,602,5,評価：感じられ方,,
Train,603,1,演奏者,,
Train,603,2,録音の背景,楽曲,
Train,603,3,楽曲,,
Train,603,4,楽曲,,
Train,603,5,楽曲,,
Train,603,6,楽曲,,
Train,603,7,演奏：キャラクター・音色,演奏：スタイル・理解,
Train,604,1,録音の背景,,
Train,604,2,録音の背景,,
Train,604,3,演奏：キャラクター・音色,,
Train,604,4,演奏：コミュニケーション,演奏：キャラクター・音色,
Train,604,5,演奏：スタイル・理解,演奏：コミュニケーション,評価：感じられ方
Train,604,6,評価：感じられ方,,
Train,604,7,評価：感じられ方,,
Train,605,1,演奏者,録音の背景,
Train,605,2,楽曲,,
Train,605,3,楽曲,,
Train,605,4,楽曲,,
Train,605,5,その他,,
Train,606,1,演奏者,,
Train,606,2,録音の背景,楽曲,
Train,606,3,演奏：感情,,
Train,606,4,楽曲,演奏：キャラクター・音色,評価：感じられ方
Train,606,5,演奏：コミュニケーション,,
Train,607,1,演奏者,,
Train,607,2,演奏：キャラクター・音色,,
Train,607,3,演奏：構造,演奏：アーティキュレーション,
Train,607,4,評価：感じられ方,,
Train,607,5,評価：感じられ方,,
Train,607,6,演奏：技術,演奏：キャラクター・音色,演奏：コミュニケーション
Train,607,7,評価：感じられ方,,
Train,608,1,評価：感じられ方,,
Train,608,2,演奏：キャラクター・音色,,
Train,608,3,演奏：キャラクター・音色,,
Train,608,4,演奏：キャラクター・音色,演奏：構造,
Train,608,5,演奏：キャラクター・音色,演奏：スタイル・理解,
Train,608,6,演奏：エネルギー,,
Train,609,1,録音の背景,,
Train,609,2,演奏者,評価：感じられ方,
Train,609,3,演奏：エネルギー,,
Train,609,4,演奏：感情,演奏：スタイル・理解,
Train,609,5,評価：感じられ方,,
Train,609,6,演奏：スタイル・理解,楽曲,
Train,609,7,演奏者,演奏：技術,評価：感じられ方
Train,610,1,演奏者,録音の背景,
Train,610,2,演奏者,,
Train,610,3,楽曲,,
Train,610,4,楽曲,演奏：キャラクター・音色,
Train,610,5,楽曲,,
Train,610,6,演奏者,演奏：キャラクター・音色,評価：感じられ方
Train,610,7,演奏：感情,評価：感じられ方,
Dev,611,1,演奏者,,
Dev,611,2,演奏者,,
Dev,611,3,演奏者,演奏：スタイル・理解,
Dev,611,4,演奏：構造,評価：感じられ方,
Dev,611,5,演奏：構造,演奏：スタイル・理解,
Test,612,1,演奏：スタイル・理解,評価：感じられ方,
Test,612,2,楽曲,演奏：スタイル・理解,
Test,612,3,楽曲,演奏：スタイル・理解,演奏：アーティキュレーション
Test,612,4,楽曲,評価：感じられ方,
Test,613,1,録音の背景,,
Test,613,2,その他,評価：感じられ方,
Test,613,3,楽器,演奏：キャラクター・音色,評価：感じられ方
Test,613,4,楽曲,演奏：感情,演奏：技術
Test,613,5,楽器,,
Train,614,1,演奏者,,
Train,614,2,演奏者,,
Train,614,3,演奏者,,
Train,614,4,演奏者,演奏：コミュニケーション,
Train,614,5,演奏：コミュニケーション,,
Train,614,6,演奏：エネルギー,,
Train,614,7,評価：感じられ方,,
Train,614,8,評価：感じられ方,,
Train,614,9,評価：感じられ方,,
Train,615,1,録音の背景,演奏者,
Train,615,2,演奏者,演奏：キャラクター・音色,
Train,615,3,演奏者,,
Train,615,4,演奏：キャラクター・音色,演奏：コミュニケーション,演奏：エネルギー
Train,615,5,演奏者,,
Train,615,6,演奏：スタイル・理解,演奏：コミュニケーション,
Train,615,7,録音の背景,,
Dev,616,1,演奏者,,
Dev,616,2,演奏者,,
Dev,616,3,演奏：キャラクター・音色,演奏：スタイル・理解,演奏：コミュニケーション
Dev,616,4,楽曲,楽器,
Dev,616,5,演奏：スタイル・理解,演奏：コミュニケーション,評価：感じられ方
Dev,617,1,録音の背景,楽曲,
Dev,617,2,その他,演奏：エネルギー,演奏：スタイル・理解
Dev,617,3,演奏：スタイル・理解,,
Dev,617,4,評価：感じられ方,,
Train,618,1,録音の背景,,
Train,618,2,楽曲,その他,評価：感じられ方
Train,618,3,評価：感じられ方,,
Train,618,4,演奏：構造,演奏：スタイル・理解,
Train,618,5,演奏：キャラクター・音色,評価：感じられ方,
Train,618,6,評価：感じられ方,,
Train,618,7,評価：感じられ方,,
Test,619,1,楽曲,録音の背景,
Test,619,2,演奏：キャラクター・音色,,
Test,619,3,演奏：エネルギー,評価：感じられ方,
Test,619,4,演奏：キャラクター・音色,,
Test,619,5,演奏：キャラクター・音色,,
Test,619,6,評価：感じられ方,,
Test,619,7,演奏：キャラクター・音色,演奏：構造,
Test,619,8,楽曲,演奏：スタイル・理解,
Test,619,9,評価：真正性,評価：感じられ方,
Train,620,1,演奏者,録音の背景,
Train,620,2,録音の背景,楽曲,その他
Train,620,3,演奏：コミュニケーション,評価：感じられ方,
Train,620,4,演奏：キャラクター・音色,演奏：感情,評価：感じられ方
Train,620,5,演奏：キャラクター・音色,演奏：スタイル・理解,演奏：コミュニケーション
Test,621,1,その他,評価：感じられ方,
Test,621,2,録音の背景,楽曲,
Test,621,3,楽曲,評価：感じられ方,演奏：技術
Test,621,4,楽曲,評価：その他,
Dev,622,1,演奏者,,
Dev,622,2,演奏者,,
Dev,622,3,録音の背景,楽曲,
Dev,622,4,楽曲,,
Dev,622,5,楽曲,演奏：感情,
Train,623,1,演奏者,録音の背景,
Train,623,2,演奏者,楽曲,
Train,623,3,演奏者,,
Train,623,4,演奏者,評価：感じられ方,楽曲
Train,624,1,演奏者,楽器,録音の背景
Train,624,2,演奏者,演奏：キャラクター・音色,評価：感じられ方
Train,624,3,楽器,,
Train,624,4,楽曲,演奏：構造,評価：感じられ方
Train,624,5,評価：その他,,
Train,625,1,評価：感じられ方,,
Train,625,2,録音の背景,演奏：キャラクター・音色,演奏：技術
Train,625,3,評価：感じられ方,演奏：感情,
Train,625,4,評価：感じられ方,演奏：感情,
Train,625,5,評価：感じられ方,,
Train,625,6,評価：その他,,
Train,625,7,評価：その他,,
Train,626,1,演奏者,,
Train,626,2,楽器,楽曲,
Train,626,3,演奏：スタイル・理解,評価：感じられ方,
Train,626,4,演奏：コミュニケーション,評価：感じられ方,
Train,627,1,楽曲,,
Train,627,2,録音の背景,,
Train,627,3,楽曲,,
Train,627,4,楽曲,評価：対比,
Train,628,1,楽曲,,
Train,628,2,楽曲,,
Train,628,3,楽曲,演奏：キャラクター・音色,
Train,628,4,演奏：感情,演奏：キャラクター・音色,評価：感じられ方
Train,628,5,楽曲,,
Train,628,6,演奏者,評価：感じられ方,
Test,629,1,演奏者,録音の背景,
Test,629,2,録音の背景,楽曲,
Test,629,3,評価：感じられ方,,
Test,629,4,楽曲,,
Test,629,5,楽曲,演奏：構造,
Test,629,6,演奏：キャラクター・音色,,
Test,629,7,演奏：キャラクター・音色,評価：感じられ方,
Train,630,1,録音の背景,,
Train,630,2,演奏：キャラクター・音色,演奏：スタイル・理解,
Train,630,3,演奏：構造,演奏：音量的特徴,評価：感じられ方
Train,630,4,演奏：感情,,
Train,630,5,演奏：キャラクター・音色,評価：感じられ方,
Train,631,1,演奏者,,
Train,631,2,評価：感じられ方,,
Train,631,3,楽曲,,
Train,631,4,演奏：キャラクター・音色,演奏：構造,
Train,631,5,演奏：キャラクター・音色,,
Dev,632,1,演奏者,,
Dev,632,2,演奏者,楽曲,
Dev,632,3,楽曲,,
Dev,632,4,楽曲,,
Dev,632,5,楽曲,,
Dev,632,6,楽曲,演奏：キャラクター・音色,演奏：構造
Train,633,1,演奏者,録音の背景,
Train,633,2,楽曲,その他,
Train,633,3,演奏：キャラクター・音色,演奏：構造,演奏：アーティキュレーション
Train,633,4,演奏：技術,演奏：構造,
Train,633,5,評価：真正性,評価：感じられ方,
Train,634,1,楽曲,,
Train,634,2,演奏者,録音の背景,
Train,634,3,楽曲,,
Train,634,4,演奏：スタイル・理解,,
Train,634,5,演奏：構造,,
Train,634,6,演奏：構造,楽曲,
Test,635,1,録音の背景,演奏者,
Test,635,2,演奏：エネルギー,演奏：感情,演奏：スタイル・理解
Test,635,3,演奏：時間的特徴,演奏：感情,
Test,635,4,演奏：時間的特徴,評価：対比,
Test,635,5,演奏：キャラクター・音色,,
Test,635,6,評価：感じられ方,,
Dev,636,1,演奏者,,
Dev,636,2,演奏：コミュニケーション,演奏：スタイル・理解,
Dev,636,3,楽曲,,
Dev,636,4,楽曲,評価：その他,
Dev,636,5,演奏：スタイル・理解,演奏：技術,
Dev,636,6,評価：感じられ方,,
Dev,636,7,評価：感じられ方,,
Train,637,1,録音の背景,,
Train,637,2,演奏者,楽曲,
Train,637,3,演奏者,録音の背景,
Train,637,4,録音の背景,その他,
Train,638,1,演奏：コミュニケーション,,
Train,638,2,演奏：コミュニケーション,評価：感じられ方,
Train,638,3,演奏：スタイル・理解,評価：その他,
Train,638,4,評価：その他,,
Train,638,5,楽曲,演奏：構造,演奏：キャラクター・音色
Train,638,6,演奏：感情,,
Train,638,7,演奏：キャラクター・音色,評価：感じられ方,
Dev,639,1,演奏者,,
Dev,639,2,演奏者,演奏：キャラクター・音色,演奏：スタイル・理解
Dev,639,3,楽曲,,
Dev,639,4,演奏：スタイル・理解,演奏：感情,評価：その他
Dev,639,5,演奏：技術,演奏：キャラクター・音色,
Train,640,1,評価：その他,,
Train,640,2,演奏者,録音の背景,
Train,640,3,録音の背景,楽曲,
Train,640,4,演奏：スタイル・理解,演奏：技術,評価：感じられ方
Train,640,5,評価：感じられ方,評価：真正性,
Test,641,1,録音の背景,,
Test,641,2,評価：感じられ方,,
Test,641,3,楽曲,,
Test,641,4,演奏：時間的特徴,演奏：スタイル・理解,
Test,641,5,演奏：感情,評価：感じられ方,
Test,641,6,演奏：感情,演奏：キャラクター・音色,評価：感じられ方
Test,641,7,演奏：キャラクター・音色,演奏：エネルギー,演奏：スタイル・理解
Test,641,8,評価：真正性,評価：対比,
Test,642,1,演奏者,評価：その他,
Test,642,2,演奏：キャラクター・音色,演奏：技術,
Test,642,3,評価：感じられ方,演奏：技術,
Test,642,4,演奏：コミュニケーション,演奏：スタイル・理解,評価：感じられ方
Train,643,1,楽曲,,
Train,643,2,その他,,
Train,643,3,楽曲,楽器,
Train,643,4,楽曲,,
Train,643,5,楽曲,,
Train,643,6,評価：真正性,,
Train,644,1,演奏者,,
Train,644,2,録音の背景,,
Train,644,3,評価：真正性,演奏：スタイル・理解,
Train,644,4,楽曲,評価：その他,
Train,644,5,楽曲,演奏：キャラクター・音色,
Train,644,6,楽曲,演奏：感情,評価：感じられ方
Dev,645,1,演奏者,,
Dev,645,2,演奏者,,
Dev,645,3,楽曲,,
Dev,645,4,楽曲,,
Dev,645,5,演奏：キャラクター・音色,演奏：構造,評価：感じられ方
Train,646,1,演奏者,録音の背景,
Train,646,2,演奏：スタイル・理解,,
Train,646,3,演奏：スタイル・理解,評価：真正性,
Train,646,4,評価：感じられ方,,
Train,646,5,演奏：エネルギー,,
Train,646,6,評価：感じられ方,,
Train,646,7,演奏：キャラクター・音色,評価：感じられ方,
Train,646,8,演奏：キャラクター・音色,,
Train,646,9,評価：感じられ方,,
Train,647,1,楽曲,,
Train,647,2,楽曲,,
Train,647,3,楽曲,演奏者,
Train,647,4,演奏者,,
Train,647,5,録音の背景,楽曲,
Train,647,6,演奏者,演奏：コミュニケーション,
Train,647,7,録音の背景,,
Train,647,8,その他,,
Dev,648,1,演奏者,録音の背景,
Dev,648,2,録音の背景,楽曲,
Dev,648,3,評価：感じられ方,,
Dev,648,4,演奏：キャラクター・音色,演奏：アーティキュレーション,演奏：感情
Dev,648,5,演奏：キャラクター・音色,,
Dev,648,6,その他,,
Dev,648,7,その他,,
Test,649,1,楽曲,録音の背景,
Test,649,2,録音の背景,,
Test,649,3,録音の背景,,
Test,649,4,評価：その他,評価：感じられ方,
Test,649,5,その他,,
Test,649,6,楽曲,演奏：構造,評価：感じられ方
Test,649,7,楽曲,評価：感じられ方,
Test,649,8,評価：その他,,
Test,649,9,評価：感じられ方,,
Test,649,10,評価：感じられ方,,
Train,650,1,楽曲,,
Train,650,2,演奏者,録音の背景,
Train,650,3,楽曲,,
Train,650,4,楽曲,,
Train,650,5,演奏：キャラクター・音色,評価：感じられ方,
Test,651,1,楽曲,評価：感じられ方,
Test,651,2,楽曲,演奏：構造,
Test,651,3,評価：感じられ方,,
Train,652,1,演奏者,録音の背景,
Train,652,2,演奏者,録音の背景,
Train,652,3,評価：その他,,
Train,652,4,演奏：キャラクター・音色,,
Train,652,5,演奏：スタイル・理解,演奏：コミュニケーション,
Train,652,6,評価：感じられ方,,
Train,652,7,評価：感じられ方,,
Train,652,8,評価：真正性,評価：感じられ方,
Train,653,1,演奏者,録音の背景,
Train,653,2,楽曲,楽器,評価：感じられ方
Train,653,3,評価：感じられ方,,
Train,653,4,楽曲,評価：感じられ方,
Train,653,5,評価：感じられ方,,
Train,654,1,演奏者,録音の背景,楽曲
Train,654,2,楽曲,演奏：感情,評価：感じられ方
Test,655,1,演奏者,,
Test,655,2,演奏：スタイル・理解,評価：感じられ方,
Test,655,3,演奏：キャラクター・音色,評価：感じられ方,
Test,655,4,演奏：構造,演奏：リズム,評価：感じられ方
Test,655,5,評価：感じられ方,,
Test,655,6,評価：感じられ方,,
Test,655,7,演奏：コミュニケーション,評価：感じられ方,
Test,655,8,演奏：感情,評価：感じられ方,演奏：エネルギー
Test,655,9,演奏：リズム,演奏：エネルギー,評価：真正性
Test,656,1,楽曲,,
Test,656,2,楽曲,,
Test,656,3,演奏者,楽器,演奏：キャラクター・音色
Test,656,4,演奏：コミュニケーション,楽曲,
Train,657,1,評価：その他,,
Train,657,2,演奏者,録音の背景,楽曲
Train,657,3,演奏：キャラクター・音色,演奏：構造,評価：感じられ方
Train,657,4,演奏：感情,評価：感じられ方,
Train,657,5,録音の背景,その他,
Train,658,1,録音の背景,楽曲,
Train,658,2,演奏者,その他,
Train,658,3,楽曲,評価：感じられ方,
Dev,659,1,演奏者,,
Dev,659,2,演奏者,,
Dev,659,3,演奏：技術,演奏：キャラクター・音色,
Dev,659,4,演奏：スタイル・理解,評価：感じられ方,
Train,660,1,楽曲,録音の背景,
Train,660,2,録音の背景,楽曲,
Train,660,3,楽器,演奏：スタイル・理解,
Train,660,4,演奏：キャラクター・音色,演奏：構造,
Train,660,5,評価：真正性,,
Train,661,1,楽曲,,
Train,661,2,楽曲,,
Train,661,3,楽曲,,
Train,661,4,演奏：スタイル・理解,,
Train,661,5,演奏：キャラクター・音色,,
Train,661,6,演奏：構造,,
Train,661,7,評価：その他,,
Train,662,1,演奏者,評価：感じられ方,
Train,662,2,演奏：キャラクター・音色,,
Train,662,3,演奏：時間的特徴,演奏：スタイル・理解,演奏：感情
Train,662,4,演奏：キャラクター・音色,,
Train,662,5,演奏：感情,評価：感じられ方,
Train,662,6,評価：感じられ方,,
Train,663,1,評価：感じられ方,,
Train,663,2,演奏：技術,演奏：感情,評価：感じられ方
Train,663,3,楽曲,評価：真正性,
Train,663,4,その他,,
Train,663,5,その他,,
Train,664,1,演奏者,録音の背景,
Train,664,2,楽曲,評価：感じられ方,
Train,664,3,評価：感じられ方,,
Train,664,4,評価：感じられ方,演奏：感情,
Train,664,5,演奏：スタイル・理解,演奏：構造,
Train,664,6,演奏：感情,評価：感じられ方,
Train,664,7,評価：感じられ方,,
Test,665,1,楽曲,,
Test,665,2,楽曲,評価：感じられ方,
Test,665,3,楽曲,評価：感じられ方,
Test,665,4,評価：その他,,
Test,665,5,評価：感じられ方,,
Dev,666,1,演奏者,,
Dev,666,2,演奏者,楽曲,
Dev,666,3,演奏：キャラクター・音色,演奏：技術,評価：感じられ方
Dev,667,1,録音の背景,,
Dev,667,2,演奏者,,
Dev,667,3,演奏：キャラクター・音色,演奏：スタイル・理解,
Dev,667,4,その他,,
Dev,667,5,その他,,
Dev,667,6,演奏：キャラクター・音色,評価：感じられ方,
Dev,667,7,演奏：スタイル・理解,,
Dev,667,8,演奏：技術,,
Dev,667,9,演奏：コミュニケーション,演奏：キャラクター・音色,評価：感じられ方
Dev,667,10,評価：感じられ方,,
Dev,667,11,評価：感じられ方,,
Train,668,1,演奏者,,
Train,668,2,演奏者,演奏：リズム,演奏：キャラクター・音色
Train,668,3,演奏：コミュニケーション,評価：感じられ方,
Train,668,4,演奏：スタイル・理解,演奏：技術,
Train,668,5,楽曲,演奏：構造,演奏：キャラクター・音色
Train,668,6,評価：感じられ方,,
Test,669,1,演奏者,,
Test,669,2,演奏：コミュニケーション,,
Test,669,3,評価：感じられ方,,
Test,669,4,楽曲,,
Test,669,5,演奏：感情,,
Test,669,6,評価：感じられ方,楽曲,
Test,669,7,演奏：スタイル・理解,,
Test,669,8,楽曲,評価：感じられ方,
Test,669,9,評価：感じられ方,,
Test,669,10,評価：感じられ方,,
Test,669,11,評価：感じられ方,,
Train,670,1,演奏者,,
Train,670,2,演奏者,,
Train,670,3,録音の背景,楽曲,評価：感じられ方
Train,671,1,録音の背景,楽曲,
Train,671,2,録音の背景,,
Train,671,3,演奏：キャラクター・音色,演奏：スタイル・理解,評価：感じられ方
Train,671,4,楽曲,,
Train,672,1,楽曲,,
Train,672,2,演奏者,演奏：コミュニケーション,
Train,672,3,その他,評価：感じられ方,
Train,672,4,楽曲,,
Train,672,5,評価：感じられ方,,
Train,673,1,演奏者,録音の背景,
Train,673,2,演奏者,録音の背景,演奏：キャラクター・音色
Train,673,3,録音の背景,楽曲,
Train,673,4,その他,,
Train,674,1,評価：感じられ方,,
Train,674,2,楽曲,,
Train,674,3,楽曲,,
Train,674,4,演奏者,,
Train,674,5,評価：感じられ方,,
Train,674,6,演奏：エネルギー,評価：感じられ方,
Train,674,7,評価：その他,,
Train,674,8,評価：その他,,
Dev,675,1,演奏者,,
Dev,675,2,演奏：キャラクター・音色,楽曲,
Dev,675,3,演奏：技術,,
Dev,675,4,評価：感じられ方,,
Dev,675,5,評価：感じられ方,,
Train,676,1,演奏者,,
Train,676,2,楽曲,楽器,演奏：スタイル・理解
Train,676,3,演奏：スタイル・理解,,
Train,676,4,楽曲,演奏：スタイル・理解,
Train,676,5,演奏：構造,評価：その他,
Train,677,1,楽曲,,
Train,677,2,楽曲,,
Train,677,3,その他,,
Train,677,4,演奏：技術,演奏：キャラクター・音色,
Train,677,5,演奏：感情,,
Train,677,6,楽曲,演奏：キャラクター・音色,評価：感じられ方
Train,677,7,評価：感じられ方,,
Train,677,8,その他,評価：感じられ方,
Test,678,1,演奏者,その他,
Test,678,2,演奏：スタイル・理解,,
Test,678,3,演奏：スタイル・理解,演奏：コミュニケーション,評価：感じられ方
Train,679,1,演奏者,録音の背景,
Train,679,2,録音の背景,,
Train,679,3,楽曲,,
Train,679,4,楽曲,演奏：キャラクター・音色,演奏：技術
Train,679,5,評価：感じられ方,,
Train,679,6,評価：感じられ方,,
Train,680,1,演奏者,,
Train,680,2,録音の背景,楽曲,
Train,680,3,楽曲,演奏：キャラクター・音色,
Train,680,4,楽曲,演奏：コミュニケーション,
Train,680,5,評価：感じられ方,,
Train,681,1,演奏者,,
Train,681,2,楽曲,録音の背景,
Train,681,3,評価：感じられ方,,
Train,681,4,楽曲,,
Train,681,5,楽曲,,
Train,681,6,楽曲,評価：感じられ方,
Train,682,1,評価：感じられ方,,
Train,682,2,楽曲,,
Train,682,3,楽曲,,
Train,682,4,演奏者,演奏：キャラクター・音色,
Train,682,5,演奏者,演奏：キャラクター・音色,
Train,682,6,演奏：技術,,
Train,682,7,演奏：キャラクター・音色,評価：感じられ方,
Test,683,1,楽曲,,
Test,683,2,楽曲,,
Test,683,3,演奏者,,
Test,683,4,録音の背景,楽曲,評価：感じられ方
Test,683,5,評価：その他,,
Dev,684,1,録音の背景,,
Dev,684,2,楽曲,,
Dev,684,3,楽曲,,
Dev,684,4,演奏者,,
Dev,684,5,演奏：キャラクター・音色,演奏：スタイル・理解,
Test,685,1,録音の背景,,
Test,685,2,演奏：スタイル・理解,楽器,演奏：キャラクター・音色
Test,685,3,演奏：エネルギー,評価：感じられ方,
Test,685,4,評価：感じられ方,,
Test,685,5,評価：真正性,評価：感じられ方,
Test,685,6,演奏：キャラクター・音色,評価：感じられ方,
Test,685,7,演奏：構造,評価：感じられ方,
Test,685,8,評価：真正性,評価：感じられ方,
Test,685,9,評価：その他,,
Train,686,1,演奏者,,
Train,686,2,評価：感じられ方,,
Train,686,3,楽曲,,
Train,686,4,演奏：スタイル・理解,演奏：構造,
Train,686,5,演奏：キャラクター・音色,,
Train,686,6,演奏：キャラクター・音色,,
Train,686,7,演奏：エネルギー,演奏：技術,評価：感じられ方